,PROVNUM,PROVNAME,BEDCERT,RESTOT,INHOSP,OVERALL_RATING,STATE,COUNTY_NAME,Provider ID,Total SNF Medicare Payment Amount,Average Length of Stay (Days),Average HCC Score,feature_1,feature_2,feature_3
10508,395001,PASSAVANT RETIREMENT AND HEALT,102,97.0,N,5.0,PA,Butler,395001,705824.98,18.15,2.111312137,3,2,7
10509,395003,QUALITY LIFE SERVICES - NEW CASTLE,204,175.0,N,2.0,PA,Lawrence,395003,931475.35,22.408163265,2.9098446538,9,7,7
10510,395006,ST JOSEPH'S MANOR (DBA ENTITY OF HRHS),296,283.1,N,4.0,PA,Montgomery,395006,5728799.84,18.120178042,2.3660811564,1,8,0
10511,395010,NESHAMINY MANOR HOME,360,353.0,N,5.0,PA,Bucks,395010,2311895.63,28.463768116,2.5118834717,9,8,9
10512,395011,PLATINUM RIDGE CTR FOR REHAB & HEALING,97,81.0,N,1.0,PA,Allegheny,395011,559948.54,20.347826087,3.7959706447,2,7,4
10513,395012,BROOKVIEW HEALTH CARE CENTER,152,142.0,N,2.0,PA,Franklin,395012,3489870.28,27.134680135,2.2349666707,2,7,5
10514,395013,ELDERCREST HEALTHCARE AND REHABILITATION CENTER,48,40.0,N,3.0,PA,Allegheny,395013,356148.89,19.87037037,2.3687469457,4,4,4
10515,395015,BRIGHTON REHABILITATION AND WELLNESS CENTER,589,465.1,N,1.0,PA,Beaver,395015,3928363.01,31.287925697,3.2267975614,1,2,8
10516,395016,HANOVER HALL,152,138.8,N,4.0,PA,York,395016,2105816.4,26.759562842,2.7106533094,4,8,2
10517,395019,ARISTACARE AT MEADOW SPRINGS,153,135.7,N,2.0,PA,Montgomery,395019,1181430.32,33.409836066,3.6672187832,4,1,9
10518,395020,BAPTIST HOMES OF WESTERN PENNSYLVANIA,126,116.4,N,4.0,PA,Allegheny,395020,368137.83,20.522727273,2.5893935263,9,1,0
10519,395023,PHOEBE RICHLAND HCC,143,120.4,N,5.0,PA,Bucks,395023,1904286.93,17.481481481,2.2200046408,7,1,7
10520,395028,SQUIRREL HILL WELLNESS AND REHABILITATION CENTER,178,125.1,N,2.0,PA,Allegheny,395028,533596.26,23.524590164,3.5401286619,9,1,7
10521,395031,HAVEN SKILLED REHABILITATION AND NURSING,90,71.6,Y,2.0,PA,Clinton,395031,1086531.91,22.769784173,2.1390341078,6,9,7
10522,395032,MCMURRAY HILLS MANOR,115,103.2,N,3.0,PA,Washington,395032,545637.88,24.457627119,2.5001324769,5,5,8
10523,395034,VINCENTIAN HOME,212,172.1,N,5.0,PA,Allegheny,395034,2401315.53,19.530546624,1.9920095574,6,9,5
10524,395037,MANORCARE HEALTH SERVICES-KINGSTON COURT,151,128.2,N,2.0,PA,York,395037,2262315.92,21.9375,3.0076583037,6,3,0
10525,395041,TWINBROOK HEALTHCARE AND REHABILITATION CENTER,120,104.5,N,5.0,PA,Erie,395041,670060.5,23.952941176,2.4717404925,7,8,6
10526,395042,SAINT MARY'S EAST,139,132.5,N,5.0,PA,Erie,395042,1545523.51,32.586206897,2.3423234358,7,7,8
10527,395044,OAKMONT CENTER FOR NURSING & REHABILITATION,85,78.8,N,5.0,PA,Allegheny,395044,604549.37,27.1875,3.0009535867,3,1,4
10528,395045,"MOUNTAIN VIEW, A NURSING AND REHABILITATION CENTE",271,229.1,N,1.0,PA,Northumberlnd,395045,2036253.31,22.675,2.4413464041,6,3,4
10529,395047,GREENLEAF NURSING HOME AND CON,130,121.7,N,2.0,PA,Bucks,395047,1114650.79,30.652631579,4.0874275606,2,5,5
10530,395050,GARVEY MANOR,132,128.0,N,4.0,PA,Blair,395050,450792.07,23.170212766,2.1582871795,9,3,6
10531,395052,BROOMALL PRESBYTERIAN VILLAGE,146,119.5,N,4.0,PA,Delaware,395052,2660751.94,25.386046512,2.4601461265,1,9,9
10532,395058,REST HAVEN-YORK,159,129.0,N,4.0,PA,York,395058,2185126.0,22.641434263,2.4622011735,9,6,7
10533,395066,JEFFERSON HILLS HEALTHCARE AND REHABILITATION CENT,83,74.4,N,2.0,PA,Allegheny,395066,576294.36,23.396825397,2.866197827,4,6,5
10534,395067,GREEN RIDGE CARE CENTER,95,84.0,N,2.0,PA,Lackawanna,395067,2256473.17,22.308333333,2.7202375005,2,1,0
10535,395068,MANORCARE HEALTH SERVICES-PITTSBURGH,197,168.2,N,2.0,PA,Allegheny,395068,1413486.72,25.738372093,3.3804345617,7,0,1
10536,395074,SPRING CREEK REHABILITATION AND NURSING CENTER,404,346.0,N,1.0,PA,Dauphin,395074,3811598.68,36.839416058,3.701744466,2,8,6
10537,395075,NEW EASTWOOD HEALTHCARE AND REHABILITATION CENTER,97,89.5,N,5.0,PA,Northampton,395075,5582312.23,25.425490196,2.8879183106,0,3,6
10538,395077,GARDEN SPRING NURSING AND REHABILITATION CENTER,173,160.0,N,2.0,PA,Montgomery,395077,1841328.38,29.9921875,3.485663822,3,5,6
10539,395078,BROOMALL REHABILITATION AND NURSING CENTER,298,233.4,N,2.0,PA,Delaware,395078,4632610.21,29.98125,2.6511917405,0,5,4
10540,395080,PHOEBE ALLENTOWN HEALTH CARE CENTER,395,228.4,N,4.0,PA,Lehigh,395080,5389340.73,21.311145511,2.2866642756,1,8,1
10541,395084,SOMERTON  NURSING AND REHABILITATION CENTER,225,187.3,N,1.0,PA,Philadelphia,395084,1333782.95,19.42384106,3.204949095,3,6,5
10542,395090,WINDBER WOODS SENIOR LIVING & REHABILITATION CTR,127,97.4,N,1.0,PA,Somerset,395090,475835.09,23.745454545,1.9794861111,8,6,7
10543,395092,MEADOW VIEW HEALTHCARE AND REHABILITATION CENTER,63,59.7,N,4.0,PA,Susquehanna,395092,1488139.64,25.652173913,2.0688664868,7,8,6
10544,395094,BERKS HEIM NURSING & REHABILITATION,420,406.2,N,3.0,PA,Berks,395094,2930443.27,34.195918367,2.3955090657,0,9,3
10545,395095,"BRYN MAWR TERRACE, THE",120,59.1,N,4.0,PA,Delaware,395095,3938527.51,29.827715356,2.59861402,1,5,5
10546,395101,SAYRE HEALTH CARE CENTER,90,79.3,N,3.0,PA,Bradford,395101,1801632.87,23.042056075,2.2353891847,9,7,5
10547,395103,JEWISH HOME OF EASTERN PENNSYL,173,158.7,N,3.0,PA,Lackawanna,395103,995493.11,25.525862069,2.2845351002,5,1,7
10548,395104,SAINT MARY'S VILLA NURSING HOM,112,101.4,N,5.0,PA,Lackawanna,395104,1052519.71,25.869565217,2.1232987455,1,1,7
10549,395105,MOSSER NURSING HOME,60,47.8,N,4.0,PA,Lehigh,395105,966214.56,31.146666667,2.7951706649,6,4,9
10550,395108,"CROSS KEYS VILLAGE-BRETHREN HOME COMMUNITY, THE",270,196.4,N,2.0,PA,Adams,395108,3925223.5,25.463414634,2.1366629712,8,3,0
10551,395109,BEAVER HEALTHCARE AND REHABILITATION CENTER,67,59.8,N,3.0,PA,Beaver,395109,494809.8,19.612903226,2.9130636218,2,8,5
10552,395110,OAKWOOD HEALTHCARE & REHABILITATION CENTER,148,137.4,N,3.0,PA,Philadelphia,395110,3259771.16,27.442553191,3.3879131228,3,1,0
10553,395117,"LUTHERAN HOME AT TOPTON, THE",194,186.2,N,5.0,PA,Berks,395117,2332229.96,23.603238866,2.1509125083,3,5,5
10554,395118,QUALITY LIFE SERVICES - CHICORA,114,103.8,N,4.0,PA,Butler,395118,843213.0,32.126760563,3.2226405044,3,4,8
10555,395121,SIMPSON HOUSE INC,154,133.7,N,5.0,PA,Philadelphia,395121,1148061.33,31.726027397,2.8155742896,8,0,4
10556,395123,"GARDENS AT CAMP HILL, THE",95,86.5,N,1.0,PA,Cumberland,395123,406357.27,24.645833333,3.0014511333,3,9,6
10557,395134,INGLIS HOUSE,252,235.0,N,1.0,PA,Philadelphia,395134,839648.4,19.604651163,3.9918825222,3,1,6
10558,395135,PENNYPACK NURSING AND REHABILITATION CENTER,54,40.2,N,5.0,PA,Philadelphia,395135,1526927.66,22.378205128,3.2134782664,7,3,3
10559,395138,MIFFLIN CENTER,136,132.8,N,5.0,PA,Berks,395138,3402339.84,33.680497925,2.4561823665,3,2,6
10560,395142,"GARDENS AT BLUE RIDGE, THE",95,91.3,N,1.0,PA,Dauphin,395142,499633.88,18.918918919,3.3680547295,1,6,1
10561,395146,CANTERBURY PLACE,115,93.1,N,4.0,PA,Allegheny,395146,865581.77,17.138211382,2.2046113016,3,9,0
10562,395148,TIMBER RIDGE HEALTH CENTER,180,169.2,N,1.0,PA,Luzerne,395148,2841728.66,22.431610942,2.5861993288,8,5,3
10563,395158,"GROVE AT GREENVILLE, THE",154,142.0,N,3.0,PA,Mercer,395158,557086.52,24.590163934,3.3200626528,6,6,3
10564,395160,SAXONY HEALTH CENTER,68,55.6,N,3.0,PA,Butler,395160,320708.91,24.909090909,2.1593365641,8,7,4
10565,395164,ST JOHN SPECIALTY CARE CENTER,300,184.7,N,5.0,PA,Butler,395164,949788.21,25.578947368,3.2288656229,8,9,1
10566,395166,PEMBROOKE HEALTH AND REHABILITATION CENTER,180,146.0,N,2.0,PA,Chester,395166,900959.96,29.356164384,3.6440084575,9,1,5
10567,395167,VALLEY MANOR REHABILITATION AND HEALTHCARE CENTER,180,,N,1.0,PA,Lehigh,395167,1724017.55,30.509933775,3.4792185506,4,8,6
10568,395168,COLONIAL MANOR NURSING HOME,270,224.3,N,2.0,PA,York,395168,2185649.44,31.406976744,2.6205651284,2,3,8
10569,395171,WESTMINSTER VILLAGE,111,105.8,N,5.0,PA,Lehigh,395171,886992.93,23.0,2.360784797,1,6,3
10570,395172,"MANOR AT PENN VILLAGE, THE",159,143.6,N,1.0,PA,Snyder,395172,1816989.0,24.587628866,3.1862311314,2,6,5
10571,395173,WESTGATE HILLS REHABILITATION AND NURSING CTR,110,103.5,N,3.0,PA,Delaware,395173,4075501.39,29.297029703,3.7639213198,1,3,3
10572,395174,ABINGTON CREST HEALTHCAREANDREHABILITATION CENTER,80,35.5,N,1.0,PA,Erie,395174,512167.71,29.451612903,2.9906368611,1,6,3
10573,395176,AMBLER EXTENDED CARE CENTER,100,89.6,N,5.0,PA,Montgomery,395176,649692.18,32.976190476,3.1016130952,4,4,5
10574,395177,ROSE CITY NURSING AND REHAB AT LANCASTER,124,102.1,N,1.0,PA,Lancaster,395177,589517.45,32.923076923,4.0039213243,1,4,6
10575,395180,CORNWALL MANOR,96,88.3,N,5.0,PA,Lebanon,395180,759111.14,32.135135135,2.3476315152,1,1,0
10576,395182,ST JOHN NEUMANN CTR FOR REHAB & HEALTHCARE,226,215.1,N,1.0,PA,Philadelphia,395182,2138999.56,23.159090909,3.0194496123,8,5,0
10577,395188,BUCKINGHAM VALLEY REHABILITATION AND NURSINGCENTER,130,110.0,N,5.0,PA,Bucks,395188,4202231.91,28.610062893,2.6776080748,9,4,7
10578,395193,ROSEMONT CENTER,76,63.8,N,3.0,PA,Delaware,395193,255645.76,23.826086957,4.534186386,3,7,6
10579,395194,FOX SUBACUTE CENTER,60,55.0,N,3.0,PA,Bucks,395194,819314.8,29.469387755,3.3116105991,8,0,5
10580,395197,"GROVE AT NEW WILMINGTON, THE",115,95.6,N,2.0,PA,Lawrence,395197,409765.69,32.515151515,2.8892349931,5,7,0
10581,395199,MANORCARE HEALTH SERVICES-LANCASTER,172,154.9,N,2.0,PA,Lancaster,395199,1993914.36,25.635869565,2.5457081241,3,0,1
10582,395200,WALNUT CREEK HEALTHCARE AND REHABILITATION CENTER,115,106.2,N,3.0,PA,Erie,395200,1630610.88,22.535,2.3313453077,3,2,8
10583,395202,BROOMALL MANOR,123,67.6,N,2.0,PA,Delaware,395202,505934.02,39.344827586,2.7032592121,9,1,0
10584,395203,PROSPECT PARK HEALTH AND REHABILITATION CENTER,180,129.2,N,2.0,PA,Delaware,395203,1557250.79,31.528301887,3.3739896093,8,4,5
10585,395205,LANCASHIRE HALL,240,221.9,N,2.0,PA,Lancaster,395205,1059255.73,29.0,2.4328618184,5,9,0
10586,395206,SARAH REED SENIOR LIVING,106,101.4,N,4.0,PA,Erie,395206,919908.7,29.117021277,2.120721831,8,1,7
10587,395208,BELAIR HEALTHCARE AND REHABILITATION CENTER,103,79.2,N,1.0,PA,Westmoreland,395208,1053290.24,23.025862069,3.1771411582,4,4,6
10588,395217,RICHBORO REHABILITATION & NURSING CENTER,82,64.8,N,5.0,PA,Bucks,395217,1613311.31,26.601398601,2.8594675252,9,0,8
10589,395221,DONAHOE MANOR,72,68.2,N,3.0,PA,Bedford,395221,812679.79,23.735632184,2.6668372676,5,1,7
10590,395223,"GARDENS AT WEST SHORE, THE",309,178.5,N,1.0,PA,Cumberland,395223,450730.58,17.235294118,3.4039931481,5,7,6
10591,395224,HAMILTON ARMS CENTER,94,82.2,N,5.0,PA,Lancaster,395224,1207700.86,31.792079208,2.181420178,5,2,3
10592,395226,SPRUCE MANOR NURSING & REHABILITATION CENTER,184,172.3,N,2.0,PA,Berks,395226,1930629.69,38.546099291,3.3394329837,1,8,4
10593,395227,BROOKSIDE HEALTHCARE & REHABILITATION CENTER,120,113.5,N,5.0,PA,Montgomery,395227,2212840.69,33.726618705,3.0584086417,2,2,5
10594,395228,UPMC COLE SKILLED NURSING AND REHABILITATION UNIT,44,41.4,Y,4.0,PA,Potter,395228,520448.55,22.558823529,2.1076830136,5,8,4
10595,395231,NUGENT CONVALESCENT HOME,105,,N,1.0,PA,Mercer,395231,846984.41,34.093333333,2.2294540318,9,0,6
10596,395232,HOSPITALITY CARE CENTER OF HER,33,26.7,N,4.0,PA,Mercer,395232,153379.76,17.214285714,2.2575277778,0,2,7
10597,395237,WYOMISSING HEALTH AND REHABILITATION CENTER,103,96.5,N,3.0,PA,Berks,395237,1672704.66,28.651612903,2.9044212831,8,3,9
10598,395241,HILLVIEW HEALTHCARE AND REHABILITATION CENTER,133,119.5,N,1.0,PA,Blair,395241,1047808.03,24.570093458,3.4358543049,2,7,3
10599,395243,LAUREL RIDGE CENTER,61,54.7,N,3.0,PA,Fayette,395243,616578.07,25.644067797,2.3263005259,9,7,4
10600,395244,SAINT PAUL HOMES,192,184.0,N,5.0,PA,Mercer,395244,1976387.23,28.319634703,2.3710553235,7,7,0
10601,395247,"GARDENS AT GETTYSBURG, THE",102,90.7,N,2.0,PA,Adams,395247,570819.7,26.0,2.3534906536,4,1,8
10602,395248,TRANSITIONS HEALTHCARE AUTUMN GROVE CARE CENTER,103,92.1,N,3.0,PA,Butler,395248,580156.11,26.807017544,2.5198637424,9,4,2
10603,395249,HAMPTON HOUSE,104,88.8,N,2.0,PA,Luzerne,395249,1309183.16,28.68503937,2.4088857797,9,9,3
10604,395250,HOLY FAMILY MANOR,208,153.3,N,5.0,PA,Northampton,395250,2066461.88,16.8,2.2084727971,2,3,0
10605,395251,MANORCARE HEALTH SERVICES-SHADYSIDE,150,130.3,N,2.0,PA,Allegheny,395251,1373818.9,28.251908397,2.659082576,0,8,0
10606,395252,"GARDENS AT YORK TERRACE, THE",80,71.3,N,5.0,PA,Schuylkill,395252,834827.62,26.914634146,2.3249602353,0,7,6
10607,395256,HARBORVIEW REHABILITATION AND CARE CENTER AT LANSD,126,,N,3.0,PA,Montgomery,395256,579005.33,30.166666667,2.5822442393,8,6,0
10608,395258,SILVER LAKE CENTER,174,165.5,N,3.0,PA,Bucks,395258,1822892.75,22.580645161,3.2205946408,5,7,8
10609,395259,STATESMAN HEALTH & REHABILITATION CENTER,101,83.7,N,2.0,PA,Bucks,395259,1869958.32,22.339285714,3.526019078,7,6,2
10610,395260,CARBONDALE NURSING AND REHABILITATION CENTER,115,107.5,N,1.0,PA,Lackawanna,395260,1782022.04,24.302752294,2.9142364658,4,1,1
10611,395261,BUFFALO VALLEY LUTHERAN VILLAG,102,99.2,N,5.0,PA,Union,395261,1164232.22,25.338461538,1.9510028033,0,7,1
10612,395262,WESTERN RESERVE HEALTHCAREANDREHABILITATION CENTER,133,86.9,N,3.0,PA,Erie,395262,798992.15,25.824175824,3.5821272243,0,8,7
10613,395264,MANORCARE HEALTH SERVICES-WEST ALLEN,146,137.1,N,4.0,PA,Lehigh,395264,972760.48,21.195945946,3.3012760891,7,0,4
10614,395265,"PAVILION AT ST LUKE VILLAGE, THE",120,97.6,N,1.0,PA,Luzerne,395265,2740907.16,30.965779468,2.622324393,7,4,8
10615,395266,BEAVER VALLEY HEALTHCARE AND REHABILITATION CENTER,120,95.4,N,1.0,PA,Beaver,395266,1763736.31,23.973262032,2.3155880114,6,1,7
10616,395270,FOREST PARK HEALTHCARE AND REHABILITATION CENTER,114,108.3,N,2.0,PA,Cumberland,395270,1634475.5,27.228571429,2.6504836352,1,6,2
10617,395273,"GARDENS AT SCRANTON, THE",139,107.3,N,1.0,PA,Lackawanna,395273,1612091.27,23.908602151,3.5689341361,9,8,5
10618,395276,"SUMMIT AT BLUE MOUNTAIN NURSING & REHAB CTR, THE",91,84.7,Y,2.0,PA,Carbon,395276,1551881.31,19.718309859,2.3337547463,5,9,4
10619,395277,HARBORVIEW REHABILITATION CARE CENTER AT DOYLESTOW,120,,N,3.0,PA,Bucks,395277,478477.58,26.163636364,4.6158150375,8,3,5
10620,395278,SAINT JOSEPH VILLA,106,100.2,N,4.0,PA,Montgomery,395278,2608782.28,30.247368421,2.1756556242,9,2,1
10621,395279,PINECREST MANOR,138,122.7,Y,5.0,PA,Elk,395279,1220063.72,36.711864407,3.1286442496,2,4,5
10622,395282,ST FRANCIS CENTER FOR REHABILITATION & HEALTHCARE,273,175.9,N,2.0,PA,Delaware,395282,2360822.4,20.643518519,3.3342055469,2,9,4
10623,395283,RIVERWOODS,226,122.8,N,1.0,PA,Union,395283,1869994.33,24.038277512,2.0987770024,1,9,1
10624,395284,"PHOENIX  CENTER FOR REHABILITATION AND NURSING,THE",138,81.6,N,2.0,PA,Chester,395284,866809.93,25.826666667,2.6755457972,7,9,3
10625,395285,BARNES-KASSON COUNTY HOSPITAL,58,51.1,Y,1.0,PA,Susquehanna,395285,339895.86,28.819672131,2.220127692,4,2,3
10626,395286,BROAD MOUNTAIN HEALTH AND REHABILITATION CENTER,129,96.7,N,1.0,PA,Schuylkill,395286,1749124.79,31.048780488,2.9647856165,7,5,4
10627,395288,"GARDENS AT STROUD, THE",127,119.1,N,1.0,PA,Monroe,395288,2160074.08,26.291666667,2.8653072839,0,0,1
10628,395289,SOUTH HILLS REHABILITATION AND WELLNESS CENTER,104,86.9,N,3.0,PA,Washington,395289,989372.65,30.011494253,2.7090238193,7,8,2
10629,395290,PLEASANT ACRES REHABILITATION AND NURSING CENTER,375,340.5,N,2.0,PA,York,395290,807037.64,20.5,2.3076994488,0,9,4
10630,395292,WESBURY UNITED METHODIST COMMU,210,193.2,N,4.0,PA,Crawford,395292,1677265.56,27.670050761,2.2644662679,8,9,7
10631,395295,MURRYSVILLE REHABILITATION AND WELLNESS CENTER,120,103.7,N,3.0,PA,Westmoreland,395295,652289.68,28.046875,3.5420680242,6,2,4
10632,395296,MEADOWVIEW REHABILITATION AND NURSING CENTER,244,224.5,N,1.0,PA,Philadelphia,395296,2176216.3,21.852040816,3.1357704377,0,3,3
10633,395297,HUNTINGDON PARK REHAB CENTER,93,79.5,N,2.0,PA,Huntingdon,395297,1159815.74,30.361702128,2.9868609257,3,5,4
10634,395298,GUARDIAN HEALTHCARE AND REHABILITATION CENTER,110,100.3,N,5.0,PA,Luzerne,395298,1472734.0,33.419642857,2.8994821635,9,1,5
10635,395300,WEXFORD HEALTHCARE CENTER,182,164.7,N,4.0,PA,Allegheny,395300,1718489.04,26.193939394,2.3207082425,4,5,0
10636,395305,CHANDLER HALL HEALTH SERVICES,53,45.0,N,4.0,PA,Bucks,395305,1355663.0,24.584,2.4951283234,8,9,2
10637,395307,KENDAL AT LONGWOOD,53,47.3,N,5.0,PA,Chester,395307,297549.42,18.086956522,1.8646132479,0,5,4
10638,395309,MANORCARE HEALTH SERVICES-YORK SOUTH,151,131.1,N,4.0,PA,York,395309,2404556.33,25.726086957,2.4759886425,0,8,9
10639,395311,BRYN MAWR EXTENDED CARE CENTER,160,129.9,N,4.0,PA,Delaware,395311,1483817.65,26.867256637,3.8023535578,3,5,0
10640,395313,SCENERY HILL HEALTHCARE AND REHABILITATION CENTER,56,43.5,N,1.0,PA,Indiana,395313,771725.35,23.814814815,3.8504191628,8,0,1
10641,395316,ST LUKE'S REHABILITATION AND NURSING CENTER,48,44.3,Y,4.0,PA,Schuylkill,395316,1218182.32,29.017857143,2.4763608772,2,2,4
10642,395317,SUNBURY COMMUNITY HEALTH AND REHABILITATION CENTER,29,23.6,N,4.0,PA,Northumberlnd,395317,610194.66,17.149425287,2.2772844746,0,0,1
10643,395318,"GREEN HOME, INC, THE",120,109.4,N,2.0,PA,Tioga,395318,1462837.85,21.235602094,2.2987646912,9,5,6
10644,395319,MANATAWNY MANOR,133,122.2,N,4.0,PA,Chester,395319,2431607.22,17.431818182,2.5685071043,0,4,0
10645,395321,RYDAL PARK OF PHILADELPHIA PRS,114,96.1,N,5.0,PA,Montgomery,395321,3397875.15,19.347938144,2.1730675557,2,9,1
10646,395324,LITTLE FLOWER MANOR OF DIOCESE,133,123.3,N,3.0,PA,Luzerne,395324,1852513.08,25.276243094,2.1283204379,9,6,6
10647,395325,MORAVIAN MANOR,119,107.3,N,5.0,PA,Lancaster,395325,1401384.22,29.37704918,2.0533563507,3,2,5
10648,395326,"ZERBE SISTERS NURSING CENTER,",87,81.8,N,4.0,PA,Lancaster,395326,889570.89,34.78125,2.0154,9,0,3
10649,395328,BRETHREN VILLAGE,120,115.1,N,5.0,PA,Lancaster,395328,577745.01,23.53125,1.9847185535,7,7,8
10650,395329,WILLIAM HOOD DUNWOODY CARE CTR,81,70.9,N,5.0,PA,Delaware,395329,4562029.36,20.192825112,1.9220347081,7,2,2
10651,395330,CHELTENHAM NURSING AND REHAB C,255,223.8,N,1.0,PA,Montgomery,395330,1551264.25,33.364485981,3.4014190871,3,2,2
10652,395331,MOUNTAIN LAUREL HEALTHCARE AND REHABILITATION CTR,240,155.6,N,1.0,PA,Clearfield,395331,2280246.17,24.338289963,2.6906990918,1,2,3
10653,395332,WAYNE CENTER,112,99.1,N,5.0,PA,Chester,395332,1916320.48,21.940217391,2.4703233153,2,7,4
10654,395333,GUTHRIE TOWANDA MEMORIAL HOSPITAL SKILLED NURSING,68,59.0,Y,4.0,PA,Bradford,395333,899798.38,19.781456954,2.8011896291,9,8,1
10655,395334,CHESTNUT HILL LODGE HEALTH AND REHAB CTR,181,162.5,N,1.0,PA,Montgomery,395334,805631.23,26.126760563,3.3786709297,5,5,9
10656,395335,WILLIAM PENN HEALTHCARE AND REHABILITATION CENTER,121,116.4,N,5.0,PA,Mifflin,395335,1087681.8,26.219298246,2.9676043225,9,1,7
10657,395336,QUARRYVILLE PRESBYTERIAN RETIREMENT COMMUNITY,130,104.4,N,5.0,PA,Lancaster,395336,1255018.45,31.990566038,1.8427613737,6,8,2
10658,395338,IMMACULATEMARYCENTER FOR REHABILITATION&HEALTHCARE,296,265.5,N,2.0,PA,Philadelphia,395338,3655343.65,23.6271777,2.4358206232,3,8,4
10659,395341,ELK HAVEN NURSING HOME,120,107.7,N,4.0,PA,Elk,395341,1827336.39,31.573170732,2.4966054743,4,6,0
10660,395342,HOPKINS CENTER,106,94.1,N,4.0,PA,Montgomery,395342,858996.45,29.216216216,3.2944312628,8,6,2
10661,395343,STONERIDGE TOWNE CENTRE,152,114.2,N,4.0,PA,Lebanon,395343,1539234.44,39.07826087,1.9117712137,7,1,3
10662,395344,MANORCARE HEALTH SERVICES-POTTSVILLE,179,134.5,N,1.0,PA,Schuylkill,395344,1573080.47,28.880239521,2.6972523153,3,8,5
10663,395345,RIVER RUN REHAB AND NURSING CENTER,134,86.2,N,3.0,PA,Luzerne,395345,2357646.33,21.933085502,2.3221348516,3,4,6
10664,395346,TOWNE MANOR WEST,119,109.8,N,4.0,PA,Montgomery,395346,1392472.88,42.909090909,3.3526236481,7,3,0
10665,395347,FREY VILLAGE,136,126.3,N,1.0,PA,Dauphin,395347,1617718.27,22.612121212,2.4158812595,3,8,8
10666,395348,MANORCARE HEALTH SERVICES-CHAMBERSBURG,210,158.2,N,2.0,PA,Franklin,395348,4168456.12,27.884955752,2.9736110214,8,2,6
10667,395349,CALVARY FELLOWSHIP HOMES INC,45,42.0,N,5.0,PA,Lancaster,395349,390293.61,26.243902439,1.9515952346,0,9,2
10668,395350,LOCUST GROVE RETIREMENT VILLAGE,104,89.5,N,4.0,PA,Juniata,395350,850884.61,21.382352941,3.3135623083,0,4,7
10669,395351,MANORCARE HEALTH SERVICES-WEST READING NORTH,176,148.0,N,5.0,PA,Berks,395351,1471167.48,35.899082569,3.6320586239,1,5,2
10670,395352,BROAD ACRES HEALTH AND REHAB,120,104.9,N,1.0,PA,Tioga,395352,1819587.88,30.06043956,2.2170591872,4,0,3
10671,395354,SILVER STREAM NURSING AND REHABILITATION CENTER,120,89.3,N,2.0,PA,Montgomery,395354,661932.32,23.090909091,3.3518705776,2,4,0
10672,395355,"PAVILION AT BRMC, THE",95,81.8,N,5.0,PA,Mc Kean,395355,1614165.7,23.72392638,2.1652573075,1,0,7
10673,395356,"GUY AND MARY FELT MANOR, INC",40,32.7,N,3.0,PA,Cameron,395356,501114.52,26.645833333,2.2865020325,4,2,4
10674,395357,ELLEN MEMORIAL HEALTH CARE CENTER,128,89.9,N,3.0,PA,Wayne,395357,1633939.36,36.984126984,2.0882007619,8,2,7
10675,395359,MANORCARE HEALTH SERVICES-JERSEY SHORE,120,106.7,N,4.0,PA,Lycoming,395359,1013723.37,26.336363636,2.1695732593,4,6,4
10676,395360,GERMANTOWN HOME,180,174.4,N,3.0,PA,Philadelphia,395360,1069490.8,27.802469136,2.7679910812,5,2,8
10677,395361,PLEASANT RIDGE MANOR EAST/WEST,300,260.5,N,1.0,PA,Erie,395361,759543.77,24.274509804,2.5856057886,6,9,8
10678,395363,KINZUA HEALTHCARE AND REHABILITATION CENTER,106,89.2,N,3.0,PA,Warren,395363,567104.51,27.672131148,2.4208869689,4,1,4
10679,395364,MANORCARE HEALTH SERVICES-WILLIAMSPORT NORTH,152,120.1,N,1.0,PA,Lycoming,395364,851049.51,26.511111111,2.8645824023,8,6,5
10680,395365,SPANG CREST MANOR,105,97.1,N,5.0,PA,Lebanon,395365,1554860.28,29.020408163,2.1212796912,5,8,8
10681,395366,PINE RUN HEALTH CENTER,90,77.4,N,5.0,PA,Bucks,395366,3720781.1,19.514066496,2.2591654301,3,2,2
10682,395367,OXFORD HEALTH CENTER,137,115.6,N,1.0,PA,Chester,395367,2780270.0,28.859090909,2.4527662875,7,2,6
10683,395370,LUTHER WOODS NURSING AND REHABILITATION CENTER,140,124.2,N,1.0,PA,Montgomery,395370,797995.5,19.107526882,2.2484529915,9,6,2
10684,395371,QUALITY LIFE SERVICES - APOLLO,177,151.3,N,4.0,PA,Westmoreland,395371,1339367.86,34.009708738,2.5944872068,2,0,7
10685,395372,JEWISH HOME OF GREATER HARRISB,138,131.1,N,2.0,PA,Dauphin,395372,950114.64,18.808695652,1.9911400344,8,3,7
10686,395373,OHESSON MANOR,134,127.2,N,2.0,PA,Mifflin,395373,1368852.38,28.141843972,2.3017946842,4,9,4
10687,395374,MANORCARE HEALTH SERVICES-YEADON,198,183.0,N,2.0,PA,Delaware,395374,1449189.82,29.273584906,3.1315557284,3,1,3
10688,395375,SWAIM HEALTH CENTER,79,67.4,N,5.0,PA,Cumberland,395375,1191018.51,29.066666667,2.1804688131,6,5,9
10689,395378,QUINCY RETIREMENT COMMUNITY,134,122.5,N,2.0,PA,Franklin,395378,2978410.15,25.152985075,2.5728708462,0,3,0
10690,395379,LOYALSOCK REHAB CENTER,133,118.1,N,2.0,PA,Lycoming,395379,1928385.33,35.974683544,2.8297337399,1,6,8
10691,395380,SAUNDERS HOUSE,180,163.5,N,5.0,PA,Montgomery,395380,4228191.84,23.516290727,3.1086528842,9,0,7
10692,395381,VALENCIA WOODS AT ST BARNABAS,47,29.7,N,5.0,PA,Butler,395381,592020.64,23.428571429,1.8733490338,0,2,5
10693,395382,"GROVE AT NORTH HUNTINGDON, THE",120,98.4,N,2.0,PA,Westmoreland,395382,515402.81,26.9375,2.6560366154,7,9,8
10694,395384,POCOPSON HOME,275,253.2,N,4.0,PA,Chester,395384,1283124.66,26.126984127,2.5541825965,4,6,4
10695,395386,BETHANY VILLAGE RETIREMENT CENTER,69,66.1,N,4.0,PA,Cumberland,395386,969355.68,35.753623188,2.0182683786,4,4,5
10696,395387,FULTON COUNTY MEDICAL CENTER,67,63.2,Y,3.0,PA,Fulton,395387,723172.92,32.4125,2.5243142857,4,9,3
10697,395388,CROSSLANDS,60,54.5,N,5.0,PA,Chester,395388,336352.05,18.068965517,1.680371057,8,0,2
10698,395390,NOTTINGHAM VILLAGE,121,104.8,N,2.0,PA,Northumberlnd,395390,1277823.66,24.422222222,2.0323271145,0,0,0
10699,395391,ASBURY HEALTH CENTER,139,129.2,N,3.0,PA,Allegheny,395391,1224998.79,19.118343195,2.0124961667,6,7,6
10700,395393,EPWORTH HEALTHCARE AND REHABILITATION CENTER,102,97.4,N,1.0,PA,Blair,395393,1825162.6,23.809815951,2.9857601318,7,2,8
10701,395395,COLONIAL PARK CARE CENTER,198,177.7,N,1.0,PA,Dauphin,395395,2432393.98,29.543859649,2.903010782,1,6,3
10702,395396,MANORCARE HEALTH SERVICES-WILLIAMSPORT SOUTH,116,82.7,N,3.0,PA,Lycoming,395396,704694.12,29.231884058,3.0466004451,6,9,8
10703,395397,MANORCARE HEALTH SERVICES-KINGSTON,176,136.6,N,2.0,PA,Luzerne,395397,2238407.6,22.077205882,2.7600424114,4,1,4
10704,395398,SIEMONS' LAKEVIEW MANOR NURSING AND REHAB CTR,120,91.7,N,1.0,PA,Somerset,395398,703163.13,24.154761905,2.5872473603,2,7,3
10705,395400,SUSQUEHANNA VALLEY NURSING & REHABILITATION CENTER,173,155.3,N,1.0,PA,Lancaster,395400,1807947.67,32.519230769,2.4325092,7,2,4
10706,395401,"BALL PAVILION, THE",85,75.5,N,5.0,PA,Erie,395401,475514.45,20.910447761,1.8456361582,3,2,8
10707,395402,MANORCARE HEALTH SERVICES-POTTSTOWN,150,112.5,N,5.0,PA,Montgomery,395402,1809839.78,21.61928934,2.7493556935,1,5,6
10708,395403,HARRISON SENIOR LIVING OF CHRISTIANA,139,117.0,N,2.0,PA,Lancaster,395403,1150875.96,32.413043478,2.6023260673,6,6,3
10709,395404,"LECOM AT PRESQUE ISLE, INC",141,117.3,N,1.0,PA,Erie,395404,652896.01,23.764044944,3.7879273603,0,5,0
10710,395405,QUAKERTOWN CENTER,138,125.8,N,3.0,PA,Bucks,395405,2012137.87,26.160220994,3.2605488556,3,1,8
10711,395406,LUTHER ACRES MANOR,106,101.8,N,5.0,PA,Lancaster,395406,1220579.25,25.043859649,2.0144207133,8,5,1
10712,395408,LAUREL CENTER,130,120.0,N,4.0,PA,Berks,395408,1321281.4,38.073170732,2.7317232807,5,8,4
10713,395409,BRIARLEAF NURSING AND CONVAL C,178,170.7,N,5.0,PA,Bucks,395409,1830694.88,28.19760479,5.1725029505,6,1,3
10714,395410,QUALITY LIFE SERVICES - SUGAR CREEK,114,96.0,N,3.0,PA,Armstrong,395410,538751.1,33.904761905,2.9348198495,8,6,9
10715,395413,WESLEY ENHANCED LIVING PENNYPACK PARK,120,112.1,N,5.0,PA,Philadelphia,395413,1049588.27,18.713286713,2.321793483,2,8,2
10716,395414,LACKAWANNA HEALTH AND REHAB CENTER,272,174.9,N,1.0,PA,Lackawanna,395414,1343370.13,37.840425532,2.2596003289,6,9,0
10717,395416,ROSEWOOD REHABILITATION & NURSING CENTER,142,134.6,N,2.0,PA,Schuylkill,395416,1492360.8,42.285714286,2.4878232893,1,7,8
10718,395418,BROOKLINE MANOR AND REHABILITATIVE SERVICES,85,78.7,N,4.0,PA,Juniata,395418,1295881.9,27.132231405,2.5753238651,1,4,5
10719,395421,BERWICK RETIREMENT VILLAGE NRS,240,138.2,N,1.0,PA,Columbia,395421,1541617.76,22.965909091,2.4832253292,1,6,4
10720,395422,PENNKNOLL VILLAGE,133,119.5,N,2.0,PA,Bedford,395422,1409314.44,27.240601504,2.2820231212,5,6,9
10721,395423,FORBES CENTER FOR REHAB AND HEALTHCARE LLC,187,80.2,N,1.0,PA,Allegheny,395423,1413941.1,28.669230769,4.1186242029,0,8,3
10722,395425,DEER MEADOWS REHABILITATION CENTER,206,195.7,N,3.0,PA,Philadelphia,395425,5442328.07,28.275956284,3.3015170306,9,6,9
10723,395426,"PREMIER AT PERRY VILLAGE FOR NURSING AND REHAB, LL",123,93.1,N,1.0,PA,Perry,395426,601420.58,26.403225806,2.1744021806,2,2,6
10724,395427,LUTHERAN HOME AT HOLLIDAYSBURG,89,77.8,N,2.0,PA,Blair,395427,942443.74,20.504950495,2.4541085655,6,3,0
10725,395428,"PREMIER AT SUSQUEHANNA FOR NURSING AND REHAB, LLC",194,157.5,N,1.0,PA,Dauphin,395428,977435.63,20.3,2.5021664683,8,6,2
10726,395429,MANORCARE HEALTH SERVICES-BETHLEHEM (2021),227,208.8,N,4.0,PA,Lehigh,395429,1828919.78,20.775700935,2.9965412683,9,4,6
10727,395430,DUBOIS NURSING HOME,140,124.7,N,3.0,PA,Clearfield,395430,1825306.68,27.35828877,3.2094873157,2,6,5
10728,395431,MAJESTIC OAKS REHABILITATION AND NURSING CENTER,180,158.1,N,2.0,PA,Bucks,395431,2270563.16,30.212290503,2.8789592532,1,8,5
10729,395432,TWINING HALL,82,46.2,N,4.0,PA,Bucks,395432,2231652.44,19.868794326,2.6566242677,7,7,2
10730,395433,"GARDENS AT TUNKHANNOCK, THE",124,110.2,N,2.0,PA,Wyoming,395433,1107070.19,21.614814815,2.612258357,6,9,5
10731,395434,MT LEBANON REHABILITATION AND WELLNESS CENTER,121,106.4,N,4.0,PA,Allegheny,395434,793477.81,29.25,3.2900446082,7,3,0
10732,395435,WESTMORELAND MANOR,408,386.6,N,2.0,PA,Westmoreland,395435,1149129.23,24.730769231,2.6209996083,2,3,0
10733,395436,HICKORY HOUSE NURSING HOME,110,98.5,N,4.0,PA,Chester,395436,2559336.08,21.731800766,2.5891333681,9,6,7
10734,395437,LEBANON VALLEY BRETHREN HOME,100,80.9,N,5.0,PA,Lebanon,395437,399973.09,20.175438596,2.3159116539,6,7,8
10735,395438,SPIRITRUST LUTHERAN THE VILLAGE AT SHREWSBURY,100,88.7,N,3.0,PA,York,395438,2001923.57,28.55,2.2855520579,4,2,2
10736,395439,"LUTHERAN HOME AT JOHNSTOWN, THE",63,56.5,N,1.0,PA,Cambria,395439,440482.88,20.58490566,2.1092383721,3,4,5
10737,395440,MANORCARE HEALTH SERVICES-CAMP HILL,123,108.8,N,2.0,PA,Cumberland,395440,1862890.56,22.54679803,2.7415473134,4,5,3
10738,395442,MANORCARE HEALTH SERVICES-YORK NORTH,161,148.1,N,3.0,PA,York,395442,2480212.54,22.00754717,2.3724969856,5,0,6
10739,395445,MESSIAH LIFEWAYS AT MESSIAH VILLAGE,184,157.1,N,4.0,PA,Cumberland,395445,1547435.11,20.039325843,2.238201551,9,0,2
10740,395446,TOWNE MANOR EAST,120,110.8,N,2.0,PA,Montgomery,395446,926008.65,34.061538462,3.2642713023,8,0,7
10741,395448,BUCKTAIL MEDICAL CENTER,43,36.8,Y,4.0,PA,Clinton,395448,19209.01,7.4285714286,2.0282045455,3,1,8
10742,395449,CHAPEL MANOR,238,202.8,N,2.0,PA,Philadelphia,395449,1786582.13,23.165745856,2.8773420238,3,4,0
10743,395451,MANORCARE HEALTH SERVICES-DALLASTOWN,202,173.0,N,3.0,PA,York,395451,2376989.55,25.582568807,2.2932060282,3,8,4
10744,395454,PARKHOUSE REHABILITATION AND NURSING CENTER,467,355.7,N,4.0,PA,Montgomery,395454,3904562.94,24.525714286,2.896102054,4,7,4
10745,395456,"GARDENS AT WYOMING VALLEY, THE",120,109.3,N,1.0,PA,Luzerne,395456,741004.33,26.6875,3.5293398602,5,9,1
10746,395458,CLARVIEW NURSING AND REHAB CEN,120,81.2,N,2.0,PA,Clarion,395458,1339671.4,25.950920245,2.1613228886,1,6,2
10747,395459,CRESTVIEW CENTER,180,165.4,N,3.0,PA,Bucks,395459,2909451.66,21.712121212,2.7168022604,5,1,6
10748,395460,CHRIST THE KING MANOR,160,146.6,N,1.0,PA,Clearfield,395460,1892336.81,24.873170732,2.4594166703,5,6,1
10749,395461,TUCKER HOUSE NURSING AND REHABILITATION CENTER,180,160.4,N,4.0,PA,Philadelphia,395461,2246671.87,22.42364532,3.8047375494,6,5,6
10750,395462,BROOKMONT HEALTHCARE CENTER LLC,119,110.6,N,2.0,PA,Monroe,395462,3233740.5,22.572674419,2.6935969186,1,3,6
10751,395464,WEATHERWOOD HEALTHCARE AND REHABILITATION  CENTER,200,190.9,N,1.0,PA,Carbon,395464,2631206.74,26.177966102,2.3696530001,6,4,0
10752,395465,CEDARBROOK SENIOR CARE AND REHABILITATION,670,619.3,N,5.0,PA,Lehigh,395465,3086520.12,19.045,2.6503331604,6,0,2
10753,395466,MILFORD HEALTHCARE AND REHABILITATION CENTER,80,77.1,N,1.0,PA,Pike,395466,1866362.2,25.965986395,2.3134271456,4,6,8
10754,395467,CATHEDRAL VILLAGE,133,102.1,N,4.0,PA,Philadelphia,395467,3582732.62,21.364672365,2.1044849901,6,6,7
10755,395469,ELIZABETH MANOR HEALTHCAREANDREHABILITATION CENTER,73,67.5,N,2.0,PA,Lancaster,395469,1174264.03,30.949494949,3.1189528463,7,0,8
10756,395471,PREMIER ARMSTRONG REHABILITATION AND NURSING FAC,115,92.1,N,3.0,PA,Armstrong,395471,569472.73,21.6,2.6082639928,5,2,9
10757,395472,MANORCARE HEALTH SERVICES-LEBANON,159,148.5,N,5.0,PA,Lebanon,395472,1323446.21,26.80620155,2.6137544464,0,4,4
10758,395473,PENNSWOOD VILLAGE,53,51.8,N,5.0,PA,Bucks,395473,300542.07,22.485714286,1.6986051724,9,8,2
10759,395474,ELMWOOD GARDENS OF PRESBYERIAN SENIORCARE,51,44.5,N,5.0,PA,Erie,395474,623690.1,21.65,2.312641258,0,6,6
10760,395475,HOMELAND CENTER,95,93.0,N,5.0,PA,Dauphin,395475,658811.73,35.921568627,2.747132897,8,2,3
10761,395476,GRACEDALE - NORTHAMPTON COUNTY,688,664.6,N,2.0,PA,Northampton,395476,4018744.45,22.382663848,2.9115688557,1,7,2
10762,395477,MANORCARE HEALTH SERVICES-LAURELDALE,198,175.4,N,4.0,PA,Berks,395477,3105584.31,29.014814815,2.5144483271,5,2,9
10763,395478,PHILADELPHIA NURSING HOME,402,354.6,N,2.0,PA,Philadelphia,395478,908281.61,19.150793651,3.1991472808,8,9,3
10764,395479,GWYNEDD HEALTHCARE AND REHABILITATION CENTER,181,173.2,N,5.0,PA,Montgomery,395479,1128976.56,26.726495726,2.1160348485,1,5,0
10765,395480,MAHONING VALLEY NURSING AND RE,142,125.8,N,2.0,PA,Carbon,395480,2306132.88,35.198863636,2.5568425106,0,7,0
10766,395481,HILLCREST CENTER,180,166.5,N,3.0,PA,Montgomery,395481,1122971.2,25.296296296,3.2127794573,9,3,6
10767,395482,NURSING AND REHABILITATION AT THE MANSION,70,64.5,N,5.0,PA,Northumberlnd,395482,551092.0,27.754716981,2.3432784553,8,9,3
10768,395483,REGINA COMMUNITY NURSING CENTE,121,112.1,N,5.0,PA,Montgomery,395483,364385.69,41.428571429,1.9426940837,5,7,6
10769,395484,KADIMA REHABILITATION & NURSING AT LUZERNE,37,33.2,N,2.0,PA,Luzerne,395484,561616.93,24.754098361,2.8208766667,1,2,5
10770,395485,POWERBACK REHABILITATION 1526 LOMBARD STREET,150,131.4,N,3.0,PA,Philadelphia,395485,7747424.41,17.943262411,2.7795652244,9,9,9
10771,395489,CORRY MANOR,121,107.5,N,2.0,PA,Erie,395489,1462355.58,26.454022989,2.8950142587,7,4,5
10772,395490,WILLOWBROOKE COURT-SOUTHAMPTON,120,108.2,N,5.0,PA,Bucks,395490,940671.17,24.087378641,2.1659400229,3,0,4
10773,395491,"PLEASANT VALLEY MANOR, INC",174,159.1,N,1.0,PA,Monroe,395491,2528085.78,27.073059361,2.5562941981,4,6,7
10774,395492,WILLOWBROOKE COURT SKD CARE CENTER AT LIMA ESTATES,60,57.8,N,3.0,PA,Delaware,395492,546699.43,28.549019608,1.7772628205,7,3,4
10775,395493,JULIA RIBAUDO EXTENDED CARE CENTER,120,96.6,N,1.0,PA,Wayne,395493,1516195.95,23.564935065,2.6808297568,1,1,2
10776,395494,SLATE BELT HEALTH & REHABILITATION CENTER,126,102.5,N,4.0,PA,Northampton,395494,3031472.74,27.807142857,2.4321047289,3,4,4
10777,395495,WILLOWBROOKE COURT-SPRING HOUS,96,90.4,N,5.0,PA,Montgomery,395495,611663.2,16.91954023,1.8660258918,5,1,3
10778,395496,WILLOWBROOKE CTSKDCARECTR AT FORTWASHINGTONESTATES,40,39.2,N,5.0,PA,Montgomery,395496,175537.87,17.875,2.0398852982,6,5,0
10779,395497,"COMMUNITY AT ROCKHILL, THE",90,62.5,N,5.0,PA,Bucks,395497,2091259.87,27.176470588,2.1764126072,3,5,4
10780,395498,WESLEY ENHANCED LIVING MAIN LINE REHAB AND SKD NSG,60,50.2,N,4.0,PA,Delaware,395498,458081.26,20.630769231,2.2559743132,8,2,6
10781,395499,TREMONT HEALTH & REHABILITATION CENTER,180,163.3,N,4.0,PA,Schuylkill,395499,2369717.53,32.263414634,2.5828634745,6,3,6
10782,395500,TWIN LAKES REHABILITATION AND HEALTHCARE CENTER,137,94.7,N,1.0,PA,Westmoreland,395500,1185603.79,31.563218391,2.7637309794,3,8,7
10783,395502,OAKWOOD HEIGHTS OF PRESBYTERIAN SENIORCARE,106,97.8,N,5.0,PA,Venango,395502,1199914.09,31.663461538,2.0419107222,2,2,0
10784,395506,KADIMA REHABILITATION & NURSING AT PALMYRA,39,32.9,N,5.0,PA,Lebanon,395506,327203.22,31.294117647,3.3472220164,7,9,3
10785,395507,ELM TERRACE GARDENS,72,67.9,N,5.0,PA,Montgomery,395507,1340268.63,29.785714286,2.2741066017,2,2,4
10786,395509,DRESHER HILL HEALTH & REHABILITATION CENTER,118,95.7,N,3.0,PA,Montgomery,395509,1334512.53,28.824074074,2.6490764956,9,2,0
10787,395510,GROVE MANOR,59,56.1,N,5.0,PA,Mercer,395510,532279.43,34.957446809,2.8631464131,9,4,5
10788,395512,MANORCARE HEALTH SERVICES-SUNBURY,126,116.2,N,3.0,PA,Northumberlnd,395512,1228276.44,31.067307692,2.8793450317,4,7,9
10789,395514,MAYBROOK HILLS REHABILITATION AND HEALTHCARE CENTE,240,199.2,N,3.0,PA,Blair,395514,1689612.57,25.866242038,3.6285744977,4,7,6
10790,395515,WILLOWCREST,44,34.4,N,3.0,PA,Philadelphia,395515,1869573.49,17.616071429,3.8831099208,1,5,7
10791,395518,COURTYARD GARDENS NURSING AND REHAB CTR,102,84.5,N,2.0,PA,Dauphin,395518,968378.87,24.48,2.332122334,4,5,4
10792,395519,GREEN MEADOWS NURSING & REHABILITATION CENTER,184,140.8,N,1.0,PA,Chester,395519,2566173.57,29.333333333,3.5785364803,9,9,0
10793,395520,WESLEY ENHANCED LIVING - DOYLESTOWN,60,55.2,N,5.0,PA,Bucks,395520,612943.64,21.756756757,2.1552446237,0,1,3
10794,395521,LANGHORNE GARDENS HEALTH & REHABILITATION CENTER,120,102.6,N,3.0,PA,Bucks,395521,1677985.69,21.242774566,3.4247542416,8,3,6
10795,395524,"GROVE AT NEW CASTLE, THE",62,55.3,N,4.0,PA,Lawrence,395524,269667.49,20.638888889,2.2180674603,9,3,2
10796,395525,IVY HILL REHAB CENTER,145,119.5,N,3.0,PA,Philadelphia,395525,2790048.5,24.570342205,3.5958864444,7,5,5
10797,395526,CHARLES M. MORRIS NURSING AND,159,115.6,N,4.0,PA,Allegheny,395526,2348325.75,22.812977099,2.4983832327,6,7,9
10798,395527,MANORCARE HEALTH SERVICES-BETHLEHEM (2029),217,200.8,N,4.0,PA,Lehigh,395527,2377446.11,29.022727273,3.157742002,3,2,5
10799,395530,PRESBYTERIAN HOMES-PRESBY,67,63.5,N,4.0,PA,Blair,395530,1412992.22,24.4921875,2.5690198292,2,9,2
10800,395533,WINDY HILL VILLAGE OF PRESBYTERIAN HOMES,120,110.7,N,3.0,PA,Centre,395533,1209432.8,20.553030303,2.8932692664,7,7,0
10801,395534,QUALITY LIFE SERVICES - SARVER,66,60.1,N,5.0,PA,Butler,395534,471814.53,29.536585366,3.1072974141,0,5,9
10802,395535,LAUREL SQUARE HEALTHCARE AND REHABILITATION CENTER,87,82.9,N,5.0,PA,Philadelphia,395535,981631.25,37.741935484,3.5817390844,0,2,4
10803,395536,EDISON MANOR NURSING & REHABILITATION CENTER,118,87.6,N,5.0,PA,Lawrence,395536,872776.42,22.476190476,3.1531510821,8,2,4
10804,395537,GLENDALE UPTOWN HOME,240,212.3,N,1.0,PA,Philadelphia,395537,2044405.4,23.619047619,3.627274958,4,2,0
10805,395538,"CHESWICK REHABILITATION AND WELLNESS CENTER, LLC",121,102.8,N,1.0,PA,Allegheny,395538,495141.81,24.380952381,3.5530177415,4,9,6
10806,395539,SAINT ANNE HOME,155,107.8,N,2.0,PA,Westmoreland,395539,991071.8,20.921052632,2.348468156,5,4,4
10807,395540,MANORCARE HEALTH SERVICES-EASTON,227,215.5,N,3.0,PA,Northampton,395540,3919119.8,20.803180915,2.9418121489,7,8,8
10808,395541,MANORCARE HEALTH SERVICES-SINKING SPRING,214,192.5,N,4.0,PA,Berks,395541,2145280.03,28.04950495,2.6160553801,8,7,7
10809,395542,MOUNTAIN TOP HEALTHCARE AND REHABILITATION  CENTER,106,100.5,N,3.0,PA,Luzerne,395542,1446616.32,25.461538462,2.4736814032,8,0,4
10810,395545,PAPERMILL ROAD NURSING AND REHABILITATION CENTER,129,108.6,N,2.0,PA,Montgomery,395545,324238.22,32.551724138,2.8137925217,8,2,5
10811,395549,SHERWOOD OAKS,43,36.2,N,5.0,PA,Butler,395549,343135.65,21.1875,2.4551284444,8,1,6
10812,395550,DR ARTHUR CLIFTON MCKINLEY CTR,90,81.2,N,2.0,PA,Jefferson,395550,1511167.07,27.346405229,2.2169326601,0,3,8
10813,395552,BETHLEN HM OF THE HUNGARIAN RF,96,88.9,N,3.0,PA,Westmoreland,395552,855174.79,18.330508475,2.0521566035,5,2,3
10814,395554,FOREST CITY NURSING AND REHAB CENTER,132,101.3,N,4.0,PA,Susquehanna,395554,1190701.18,29.875,2.1776245271,5,6,1
10815,395555,PENNSBURG MANOR,120,110.3,N,5.0,PA,Montgomery,395555,2563059.49,36.691823899,2.820105425,9,7,2
10816,395556,SHENANDOAH MANOR NURSING CENTE,124,114.3,N,4.0,PA,Schuylkill,395556,1277989.0,27.917355372,2.4462680921,3,9,7
10817,395557,DOCK TERRACE,72,69.0,N,5.0,PA,Montgomery,395557,597790.41,17.0125,1.777441585,3,1,3
10818,395558,ST MONICA CENTER FOR REHABILITATION & HEALTHCARE,180,168.9,N,1.0,PA,Philadelphia,395558,4715328.5,20.037825059,2.9618479475,4,9,9
10819,395559,"MENNONITE HOME, THE",188,169.2,N,5.0,PA,Lancaster,395559,1345588.17,25.479452055,1.8242128851,5,0,6
10820,395560,MASONIC VILLAGE AT ELIZABETHTOWN,453,423.2,N,5.0,PA,Lancaster,395560,2874305.23,19.739495798,2.3120741726,4,3,8
10821,395561,REFORMED PRESBYTERIAN HOME,58,37.5,N,5.0,PA,Allegheny,395561,289114.33,27.428571429,1.9506794921,7,3,6
10822,395562,TEL HAI RETIREMENT COMMUNITY,139,119.7,N,5.0,PA,Chester,395562,2449447.44,23.062992126,2.3228671323,7,0,1
10823,395563,MORRISONS COVE HOME,124,112.9,N,3.0,PA,Blair,395563,769976.55,24.277777778,2.3142232989,0,9,7
10824,395564,RIVERSIDE REHABILITATION AND NURSING CENTER,161,139.6,N,1.0,PA,Lackawanna,395564,2627433.63,32.878923767,2.752422288,7,5,1
10825,395566,HIGHLAND MANOR REHABILITATION AND NURSING CENTER,120,109.9,N,2.0,PA,Luzerne,395566,2216131.42,26.31797235,2.6240345447,5,7,0
10826,395567,DUNMORE HEALTH CARE CENTER,92,84.9,N,1.0,PA,Lackawanna,395567,841823.13,21.936842105,2.9222297717,0,1,9
10827,395568,JULIA POUND CARE CENTER,131,124.9,N,3.0,PA,Indiana,395568,1475606.79,19.698979592,2.6880625045,8,2,9
10828,395569,HILLSDALE PARK REHAB CENTER,74,65.7,N,1.0,PA,Indiana,395569,1220401.61,36.714285714,2.7392212026,1,8,2
10829,395570,MILTON REHABILITATION AND NURSING CENTER,138,114.8,N,2.0,PA,Northumberlnd,395570,1056707.11,22.738095238,2.8070306641,0,0,0
10830,395571,SUSQUEHANNA HEALTH SKILLED NURSING & REHABILITATIO,138,124.4,Y,4.0,PA,Lycoming,395571,1225061.13,30.545454545,2.5740425253,2,3,2
10831,395572,FAIRVIEW MANOR,121,111.7,N,5.0,PA,Erie,395572,1042937.01,23.291970803,2.6505895287,8,0,8
10832,395574,BELLE HAVEN HEALTHCARE AND REHABILITATION CEN,59,53.9,N,3.0,PA,Bucks,395574,1084705.88,27.734042553,3.1685218502,9,4,9
10833,395575,"GARDENS AT STEVENS, THE",82,76.5,N,4.0,PA,Lancaster,395575,1314766.04,19.961038961,2.5133018415,7,0,8
10834,395577,PREMIER WASHINGTON REHABILITATION AND NURSING CTR,288,231.3,N,5.0,PA,Washington,395577,1507786.13,21.405882353,2.075141328,3,0,9
10835,395581,ST LUKES VILLA,50,44.0,N,4.0,PA,Luzerne,395581,665255.57,21.816901408,2.1868301971,2,7,3
10836,395582,MOUNTAIN CITY NURSING & REHABILITATION CENTER,297,265.3,N,1.0,PA,Luzerne,395582,4535734.64,34.726582278,2.7609884763,7,8,2
10837,395585,TRANSITIONS HEALTHCARE NORTH HUNTINGDON,120,109.0,N,2.0,PA,Westmoreland,395585,1264569.96,22.808219178,2.9335749221,4,9,0
10838,395586,BRADFORD COUNTY MANOR,200,159.6,N,1.0,PA,Bradford,395586,1940399.24,25.052845528,2.6276550146,7,3,1
10839,395587,MEADOWS NURSING AND REHABILITATION CENTER,130,121.9,N,4.0,PA,Luzerne,395587,2694034.88,23.752688172,2.2184852989,8,4,9
10840,395588,PARK AVENUE REHAB CENTER,173,115.5,N,1.0,PA,Crawford,395588,1729339.06,37.492063492,2.5710471931,0,1,4
10841,395589,MOUNT CARMEL NURSING AND REHAB,121,114.4,N,2.0,PA,Northumberlnd,395589,1651082.26,29.46,2.7414177083,3,0,0
10842,395590,KADIMA REHABILITATION & NURSING AT LITITZ,42,36.6,N,3.0,PA,Lancaster,395590,1019647.48,20.0,2.7115295292,3,0,0
10843,395591,LUTHER CREST NURSING FACILITY,60,57.7,N,5.0,PA,Lehigh,395591,1729647.95,20.574257426,2.3818608972,1,6,3
10844,395592,HAIDA HEALTHCARE AND REHABILITATION CENTER,98,86.9,N,1.0,PA,Cambria,395592,1060221.1,28.207920792,2.4133651983,6,3,3
10845,395593,QUALITY LIFE SERVICES - GROVE CITY,109,89.9,N,2.0,PA,Mercer,395593,427736.34,22.862745098,2.642162,6,3,4
10846,395594,OIL CITY HEALTHCARE AND REHABILITATION CENTER,95,84.6,N,5.0,PA,Venango,395594,1242519.31,27.147286822,2.6728978582,3,6,6
10847,395595,"BELVEDERE CENTER, GENESIS HEALTHCARE, THE",150,133.3,N,3.0,PA,Delaware,395595,854958.08,24.392405063,3.5152725274,3,1,3
10848,395596,BRIDGEVILLE REHABILITATION & CARE CENTER,194,156.7,N,3.0,PA,Allegheny,395596,2708673.1,23.099630996,2.3272781186,2,2,1
10849,395597,PICKERING MANOR HOME,47,41.9,N,5.0,PA,Bucks,395597,520200.14,25.452830189,2.2888546512,3,4,1
10850,395599,BLOUGH HEALTH CARE CENTER INC,44,16.1,N,5.0,PA,Northampton,395599,1156117.26,23.208695652,2.351419828,7,2,6
10851,395602,WESLEY VILLAGE,183,176.9,N,4.0,PA,Luzerne,395602,2626306.46,28.728033473,2.1733221997,0,5,4
10852,395603,CARING HEIGHTS COMMUNITY CARE & REHAB CTR,120,108.4,N,5.0,PA,Allegheny,395603,783275.8,26.04109589,3.0152852302,9,6,9
10853,395604,GREENSBURG CARE CENTER,120,101.8,N,2.0,PA,Westmoreland,395604,653046.52,24.097222222,2.9413918343,7,2,2
10854,395605,ST BARNABAS NURSING HOME,172,86.9,N,2.0,PA,Allegheny,395605,1141159.37,25.048076923,2.1226311212,6,4,6
10855,395606,JOHN J KANE REGIONAL CENTER-RO,240,197.4,N,2.0,PA,Allegheny,395606,241439.88,29.75,2.7074371591,8,6,2
10856,395607,SHIPPENVILLE HEALTHCARE AND REHABILITATION CENTER,120,79.7,N,4.0,PA,Clarion,395607,814733.21,28.533333333,2.5817698611,3,5,7
10857,395609,ROUSE WARREN COUNTY HOME,176,163.7,N,4.0,PA,Warren,395609,1344049.34,33.265486726,2.1513713652,2,2,8
10858,395610,RICHLAND HEALTHCARE AND REHABILITATION CENTER,97,91.7,N,2.0,PA,Cambria,395610,1668407.33,25.730569948,2.7661731524,3,7,0
10859,395612,SPIRITRUST LUTHERAN THE VILLAGE AT SPRENKLE DRIVE,104,97.5,N,2.0,PA,York,395612,1903682.97,28.389534884,2.0113009874,8,6,2
10860,395613,FALLING SPRING NURSING AND REHABILITATION CENTER,186,158.0,N,1.0,PA,Franklin,395613,3603138.82,32.70292887,2.7794057754,2,0,9
10861,395614,ROLLING HILLS HEALTHCARE AND REHABILITATION CENTER,57,55.4,N,3.0,PA,Union,395614,423390.3,22.918367347,3.1678948413,0,9,7
10862,395616,"SUSQUE VIEW HOME, INC",146,131.8,N,2.0,PA,Clinton,395616,1071440.44,25.128712871,2.4026547216,5,5,1
10863,395617,JOHN J KANE REGIONAL CENTER-SC,311,267.0,N,5.0,PA,Allegheny,395617,626768.01,19.134831461,2.347728331,0,6,1
10864,395618,MULBERRY HEALTHCARE AND REHABILITATION CENT,75,60.2,N,1.0,PA,Jefferson,395618,898414.7,26.862068966,2.4668849945,8,2,2
10865,395619,"ROLLING FIELDS, INC",181,156.5,N,4.0,PA,Crawford,395619,646467.02,28.257142857,2.0229581379,2,7,5
10866,395620,WEST HILLS HEALTH AND REHABILITATION CENTER,150,134.2,N,4.0,PA,Allegheny,395620,1834584.89,29.503267974,2.4461607096,1,5,5
10867,395621,ST MARY CENTER FOR REHABILITATION & HEALTHCARE,120,103.6,N,3.0,PA,Montgomery,395621,2254432.76,22.564593301,2.6775233306,9,7,6
10868,395623,GRANDVIEW NURSING AND REHABILITATION,172,159.3,N,2.0,PA,Montour,395623,1069085.48,18.552147239,3.1699072865,4,8,2
10869,395624,ROLLING MEADOWS,121,105.8,N,5.0,PA,Greene,395624,1247880.74,22.212328767,2.5902668971,1,1,6
10870,395626,JEFFERSON MANOR HEALTH CENTER,160,96.4,N,3.0,PA,Jefferson,395626,1402581.51,26.489795918,2.2374595994,1,2,7
10871,395627,FAIRLANE GARDENS NURSING AND REHAB AT READING,124,92.3,N,2.0,PA,Berks,395627,1157469.29,27.962962963,3.063424846,1,1,0
10872,395628,RENAISSANCE HEALTHCARE & REHABILITATION CENTER,123,116.5,N,5.0,PA,Philadelphia,395628,3021055.75,35.44047619,3.3188768155,8,7,7
10873,395629,MT MACRINA MANOR,139,117.1,N,4.0,PA,Fayette,395629,1673572.57,29.072727273,2.3106582973,9,7,4
10874,395631,UNITED ZION RETIREMENT COMMUNI,59,50.2,N,3.0,PA,Lancaster,395631,576741.68,29.62962963,2.0539672619,9,9,6
10875,395633,HAVENCREST HEALTHCARE AND REHABILITATION CENTER,48,37.0,N,2.0,PA,Washington,395633,1004986.18,22.076923077,3.033386859,8,7,5
10876,395634,SOUDERTON MENNONITE HOMES,71,62.9,N,5.0,PA,Montgomery,395634,732575.65,20.474358974,2.0038882576,3,8,0
10877,395636,"MANOR AT ST LUKE VILLAGE,THE",104,92.8,N,2.0,PA,Luzerne,395636,2091206.93,34.123655914,2.6629507179,9,3,2
10878,395638,MASONIC VILLAGE AT SEWICKLEY,128,125.8,N,4.0,PA,Allegheny,395638,628255.57,23.712328767,1.9560375817,5,1,4
10879,395640,JOHN J KANE REGIONAL CENTER-MC,360,240.3,N,2.0,PA,Allegheny,395640,750922.53,25.946808511,3.7140598064,2,8,8
10880,395643,JOHN J KANE REGIONAL CENTER-GL,255,217.8,N,4.0,PA,Allegheny,395643,175890.7,23.636363636,4.2685241333,0,6,8
10881,395644,MID-VALLEY HEALTH CARE CENTER,38,34.9,N,2.0,PA,Lackawanna,395644,1214509.01,22.119047619,2.4667448367,9,6,6
10882,395645,EDINBORO MANOR,121,108.8,N,4.0,PA,Erie,395645,680789.45,26.828947368,2.2829036103,1,8,8
10883,395646,OAK HILL HEALTHCARE AND REHABILITATION CENTER,48,38.3,N,1.0,PA,Westmoreland,395646,577976.3,24.644067797,2.1653254815,0,1,2
10884,395647,SPIRITRUST LUTHERAN THE VILLAGE AT GETTYSBURG,100,77.3,N,3.0,PA,Adams,395647,2142395.37,21.574074074,2.3518815941,6,2,2
10885,395648,PETER BECKER COMMUNITY,72,67.5,N,5.0,PA,Montgomery,395648,1146770.69,22.25,2.0284807067,2,7,6
10886,395650,WARREN MANOR,121,102.9,N,3.0,PA,Warren,395650,1739087.96,25.634517766,2.3433420492,8,5,7
10887,395651,BIRCHWOOD NURSING AND REHABILITATION CENTER,121,110.0,N,3.0,PA,Luzerne,395651,2361548.09,23.639676113,2.3020479018,9,9,5
10888,395652,RIDGEVIEW HEALTHCARE AND REHABILITATION CENTER,131,112.8,N,1.0,PA,Clearfield,395652,1680611.98,26.44047619,2.7037811052,6,3,1
10889,395653,WOODHAVEN CARE CENTER,120,101.0,N,4.0,PA,Allegheny,395653,1125359.54,29.894230769,3.4835914861,0,3,8
10890,395654,BONHAM NURSING CENTER,77,68.8,N,3.0,PA,Columbia,395654,759742.02,38.678571429,2.245757902,7,3,3
10891,395656,FREDERICK LIVING - CEDARWOOD,61,52.7,N,5.0,PA,Montgomery,395656,1118433.78,23.061946903,2.042456746,1,9,7
10892,395660,CLAREMONT NRC OF CUMBERLAND CO,282,264.0,N,5.0,PA,Cumberland,395660,2351211.93,26.596153846,2.4427081301,1,5,7
10893,395661,MEYERSDALE HEALTHCARE AND REHABILITATION CENTER,99,68.6,N,1.0,PA,Somerset,395661,345355.61,22.857142857,2.4373152357,7,5,8
10894,395662,"SPRINGS AT THE WATERMARK, THE",109,85.3,N,3.0,PA,Philadelphia,395662,6007815.82,23.522813688,2.4934734096,9,3,1
10895,395665,WILLOWBROOKE CTSKDCARECTR ATNORMANDY FARMS ESTATES,73,56.4,N,5.0,PA,Montgomery,395665,449981.25,16.375,2.0969941973,0,6,1
10896,395666,MANORCARE HEALTH SERVICES-NORTHSIDE,100,90.5,N,3.0,PA,Allegheny,395666,536845.14,27.403846154,3.7608233846,7,3,9
10897,395670,MONROEVILLE REHABILITATION AND WELLNESS CENTER,120,111.5,N,3.0,PA,Allegheny,395670,982040.43,25.207920792,2.747576375,7,7,1
10898,395671,SOUTHMONT OF PRESBYTERIAN SENIORCARE,155,143.0,N,5.0,PA,Washington,395671,1884736.35,23.557446809,2.3855935138,7,0,7
10899,395672,"VILLAGE AT LUTHER SQUARE, THE",110,88.6,N,2.0,PA,Erie,395672,420826.99,25.142857143,3.3964655595,9,9,0
10900,395674,UNIONTOWN HEALTHCARE AND REHABILITATION CENTER,120,111.0,N,3.0,PA,Fayette,395674,1365277.12,26.919354839,2.8047464723,0,4,0
10901,395675,WAYNESBURG HEALTHCARE AND REHABILITATION CENTER,111,91.2,N,4.0,PA,Greene,395675,784217.13,22.85106383,2.6034492553,5,7,0
10902,395677,SARAH A TODD MEMORIAL HOME,117,109.1,N,2.0,PA,Cumberland,395677,776462.98,26.902777778,2.356915855,2,3,3
10903,395678,"WILLIAMSPORT HOME, THE",129,123.2,N,5.0,PA,Lycoming,395678,2758782.14,25.05,1.9541847301,6,3,0
10904,395679,"GROVE AT WASHINGTON, THE",74,69.7,N,4.0,PA,Washington,395679,416276.8,27.790697674,2.9513397889,6,6,4
10905,395680,KUTZTOWN MANOR,140,134.1,N,5.0,PA,Berks,395680,1021302.07,32.137931034,2.0991326396,1,9,5
10906,395681,COUNTRYSIDE CHRISTIAN COMMUNITY,33,30.7,N,5.0,PA,Lebanon,395681,144858.81,33.846153846,3.1206281566,0,9,9
10907,395682,PROVIDENCE CARE CENTER,180,166.4,N,4.0,PA,Beaver,395682,1161656.89,23.268965517,2.1448054941,6,5,5
10908,395683,HIGHLANDS HEALTHCARE AND REHABILITATION CENTER,120,113.3,N,5.0,PA,Sullivan,395683,628974.95,23.666666667,2.2876712121,7,9,7
10909,395684,CONCORDIA LUTHERAN HEALTH AND HUMAN CARE,142,137.3,N,4.0,PA,Butler,395684,2134470.51,17.940074906,1.9506497902,9,7,6
10910,395685,MANORCARE HEALTH SERVICES - WALLINGFORD,193,169.9,N,2.0,PA,Delaware,395685,2002990.08,20.263959391,3.15289062,4,1,3
10911,395686,ST IGNATIUS NURSING & REHAB CENTER,176,162.1,N,4.0,PA,Philadelphia,395686,1654341.42,23.673611111,3.2070374614,4,5,9
10912,395687,YORK NURSING AND REHABILITATION CENTER,240,218.5,N,3.0,PA,Montgomery,395687,2603496.68,25.559471366,4.1592322216,5,2,3
10913,395688,FRIENDSHIP VILLAGE OF SOUTH HI,89,84.1,N,5.0,PA,Allegheny,395688,349528.38,25.918918919,1.86571875,7,2,6
10914,395690,HARLEE MANOR NURSING AND REHABILITATION CENTER,100,63.6,N,1.0,PA,Delaware,395690,3289666.49,20.342696629,2.3416658093,6,9,5
10915,395691,RIVERSTREET MANOR,122,116.1,N,3.0,PA,Luzerne,395691,2273432.34,31.638743455,2.3716856465,6,1,6
10916,395692,TRANSITIONS HEALTHCARE WASHINGTON PA,120,103.9,N,1.0,PA,Washington,395692,1031111.17,20.809160305,2.9401471163,2,9,4
10917,395695,GREENERY CENTER FOR REHAB AND NURSING,140,92.4,N,2.0,PA,Washington,395695,569437.82,28.896551724,3.3454834722,0,5,0
10918,395697,WOODLAND PARK REHAB CENTER,125,100.5,N,2.0,PA,Huntingdon,395697,1587440.19,25.023952096,2.8898920925,9,1,9
10919,395698,MEADOWCREST HEALTHCARE AND REHABILITATION CENTER,50,42.3,N,3.0,PA,Allegheny,395698,286585.16,18.15,2.2245483871,8,7,2
10920,395699,SWEDEN VALLEY MANOR,121,100.5,N,4.0,PA,Potter,395699,891717.51,24.77,2.003208458,5,4,0
10921,395700,BRADFORD MANOR,115,97.7,N,4.0,PA,Mc Kean,395700,1041967.02,27.691588785,2.3529014981,2,9,8
10922,395701,ABINGTON MANOR,119,108.1,N,2.0,PA,Lackawanna,395701,1886773.73,25.221198157,2.38960648,3,1,8
10923,395702,"BEACON RIDGE, A CHOICE COMM",118,88.1,N,2.0,PA,Indiana,395702,883854.88,20.267857143,2.591557661,5,1,2
10924,395704,"LAFAYETTE-REDEEMER, THE",120,119.2,N,4.0,PA,Philadelphia,395704,2384402.81,16.089285714,2.2371079203,2,1,4
10925,395705,HEMPFIELD MANOR,120,108.1,N,3.0,PA,Westmoreland,395705,1102737.58,23.933884298,2.6036804441,1,6,3
10926,395706,"GARDENS AT EAST MOUNTAIN, THE",120,109.5,N,2.0,PA,Luzerne,395706,1518605.72,22.145833333,2.5138543247,8,8,9
10927,395707,CLARION HEALTHCARE AND REHABILITATION CENTER,83,40.5,N,5.0,PA,Clarion,395707,759363.98,27.831168831,2.5880385385,7,1,5
10928,395708,"GARDENS FOR MEMORY CARE AT EASTON, THE",115,108.1,N,3.0,PA,Northampton,395708,276523.13,25.703703704,1.8143695652,9,9,2
10929,395710,ATTLEBORO NURSING AND REHAB CE,179,165.7,N,5.0,PA,Bucks,395710,3868219.19,27.672782875,2.58238729,3,2,0
10930,395711,ELKINS CREST HEALTH & REHABILITATION CENTER,150,121.7,N,1.0,PA,Montgomery,395711,1475163.79,22.086956522,3.133940358,9,3,6
10931,395712,CARLETON HEALTHCARE AND REHABILITATION CENTER,26,20.5,N,4.0,PA,Tioga,395712,577192.89,29.481481481,3.2280679583,4,9,1
10932,395713,WILLOWS OF PRESBYTERIAN SENIOR,193,182.3,N,5.0,PA,Allegheny,395713,1632951.74,20.857777778,1.9926833021,9,8,1
10933,395715,WESLEY  ENHANCED LIVING AT STAPELEY,120,116.0,N,5.0,PA,Philadelphia,395715,1274713.76,18.666666667,3.0886678629,2,5,0
10934,395716,SMITH HEALTH CARE LTD,37,36.4,N,3.0,PA,Luzerne,395716,664963.33,27.283783784,2.1207381946,2,4,8
10935,395717,LINWOOD NURSING AND REHABILITATION CENTER,102,54.4,N,4.0,PA,Lackawanna,395717,1347686.93,30.144067797,2.9084125019,5,6,7
10936,395718,WAVERLY HEIGHTS,49,40.7,N,5.0,PA,Montgomery,395718,962737.07,30.315789474,2.1624623961,8,0,8
10937,395719,RIVERSIDE CARE CENTER,120,107.8,N,3.0,PA,Allegheny,395719,696895.5,29.714285714,3.90452415,0,6,2
10938,395720,"HOMESTEAD VILLAGE, INC",60,51.9,N,5.0,PA,Lancaster,395720,1058990.04,33.62195122,2.670478,7,9,3
10939,395721,"PARAMOUNT NURSING AND REHAB AT FAYETTEVILLE, LLC",92,80.3,N,2.0,PA,Franklin,395721,2121873.87,24.423280423,2.1689310292,2,7,2
10940,395722,RESTORE HEALTH AT UNIVERSITY CITY,124,101.5,N,4.0,PA,Philadelphia,395722,1465444.88,18.014851485,2.986123133,2,3,2
10941,395726,HARMON HOUSE CARE CENTER,109,103.3,N,1.0,PA,Westmoreland,395726,930226.68,26.135416667,2.5661962619,0,5,2
10942,395728,SNYDER MEMORIAL HEALTH CARE CE,100,93.7,N,4.0,PA,Forest,395728,640142.49,24.471428571,2.270077044,2,3,5
10943,395729,"GARDENS AT EASTON, THE",181,171.8,N,5.0,PA,Northampton,395729,1003694.66,27.715686275,3.7859551899,1,5,8
10944,395730,KADIMA REHABILITATION & NURSING AT LAKESIDE,31,29.6,N,5.0,PA,Luzerne,395730,393892.16,30.529411765,2.0313571429,5,1,9
10945,395731,MANORCARE HEALTH SERVICES-BETHEL PARK,160,138.5,N,4.0,PA,Allegheny,395731,1496289.62,22.227513228,3.2868579676,9,9,6
10946,395732,UPMC HERITAGE PLACE,143,112.0,N,4.0,PA,Allegheny,395732,1058764.71,21.681818182,2.4033958745,9,8,7
10947,395733,GETTYSBURG CENTER,118,99.7,N,2.0,PA,Adams,395733,2433261.74,23.241803279,2.6111219668,3,7,3
10948,395735,LIFEQUEST NURSING CENTER,140,114.8,N,4.0,PA,Bucks,395735,2079372.17,26.582887701,2.6684702283,8,5,9
10949,395736,WILLOWBROOKE COURT-GRANITE,82,69.4,N,5.0,PA,Delaware,395736,370218.63,16.6,2.0041276596,1,5,4
10950,395738,PAUL'S RUN,120,113.4,N,5.0,PA,Philadelphia,395738,3458690.53,23.132404181,2.5637360154,8,8,3
10951,395740,BRANDYWINE HALL,180,157.9,N,1.0,PA,Chester,395740,1312550.6,20.968152866,3.2077367294,6,9,4
10952,395741,RIDDLE MEMORIAL HOSP HB SNF,23,,Y,5.0,PA,Delaware,395741,1182321.58,10.003134796,1.6822572438,3,9,8
10953,395742,SOUTHWESTERN NURSING CARE CENTER,118,111.3,N,4.0,PA,Allegheny,395742,1096364.42,20.207692308,2.5722653411,6,5,8
10954,395743,MANORCARE HEALTH SERVICES-GREEN TREE,180,157.0,N,5.0,PA,Allegheny,395743,2419814.08,24.4625,2.819497861,1,1,3
10955,395745,BALDWIN HEALTH CENTER,200,186.2,N,1.0,PA,Allegheny,395745,1196652.95,21.176056338,3.1748818683,7,1,4
10956,395746,MANORCARE HEALTH SERVICES-CARLISLE,150,133.3,N,2.0,PA,Cumberland,395746,1299878.19,27.308943089,2.9885598989,5,6,8
10957,395749,PRESBYTERIAN CTR FOR CONT CARE,25,17.3,N,3.0,PA,Philadelphia,395749,1003840.12,12.210810811,1.3376208373,5,1,5
10958,395751,ROCHESTER MANOR,122,98.3,N,2.0,PA,Beaver,395751,544617.42,20.98630137,1.8202540763,1,6,5
10959,395752,MORAVIAN HALL SQUARE HEALTH AND WELLNESS CENTER,61,56.6,N,5.0,PA,Northampton,395752,1126925.79,18.04,2.0378011607,6,5,6
10960,395753,BEAUMONT AT BRYN MAWR,44,39.7,N,5.0,PA,Delaware,395753,662685.36,23.418918919,1.9985136905,3,2,5
10961,395754,SHARON REGIONAL MEDICAL CENTER TCU,38,,N,2.0,PA,Mercer,395754,1207810.08,15.401606426,2.4956663248,5,6,0
10962,395756,JUNIPER VILLAGE AT BROOKLINE-REHABILITATION AND SK,116,81.6,N,3.0,PA,Centre,395756,922119.21,19.579439252,2.3354854777,4,4,7
10963,395757,EDGEHILL NURSING AND REHAB CEN,60,56.2,N,3.0,PA,Montgomery,395757,241356.02,34.058823529,2.187797619,1,2,8
10964,395758,"GROVE AT HARMONY, THE",115,101.7,N,4.0,PA,Butler,395758,416841.0,22.595744681,2.6440601748,5,1,2
10965,395760,MANORCARE HEALTH SERVICES-ALLENTOWN,166,150.1,N,4.0,PA,Lehigh,395760,2200979.5,24.860557769,2.8221627293,2,7,9
10966,395762,WILLOWBROOKE COURT SKILLED CARE CENTER AT BRITTANY,92,87.7,N,5.0,PA,Montgomery,395762,755239.51,20.510638298,1.8735696078,3,2,5
10967,395763,FELLOWSHIP MANOR,121,116.3,N,5.0,PA,Lehigh,395763,2910035.11,22.936026936,2.2040190808,7,3,5
10968,395764,LIBERTY CENTER FOR REHABILITATION AND NURSING,94,77.5,N,1.0,PA,Philadelphia,395764,499522.59,26.697674419,2.9694571556,1,3,0
10969,395765,MARIAN MANOR CORPORATION,118,107.5,N,5.0,PA,Allegheny,395765,1259099.29,19.650887574,2.4563236437,7,2,9
10970,395767,ROSE VIEW NURSING AND REHABILITATION CENTER,123,107.6,N,1.0,PA,Lycoming,395767,2117537.7,37.076470588,2.6801452261,8,0,7
10971,395768,MEADOWOOD,59,50.9,N,5.0,PA,Montgomery,395768,1731231.17,24.469135802,2.2485605311,8,7,2
10972,395770,CEDAR HAVEN HEALTHCARE CENTER,324,290.3,N,4.0,PA,Lebanon,395770,2045210.07,28.480952381,2.874489349,1,8,2
10973,395771,LAKESIDE AT WILLOW VALLEY,80,76.0,N,5.0,PA,Lancaster,395771,444598.57,22.911111111,1.7566335556,5,5,5
10974,395773,HIGHLAND PARK CARE CENTER,144,131.0,N,5.0,PA,Allegheny,395773,504316.26,21.462686567,2.3353501026,2,8,9
10975,395774,CONESTOGA VIEW,446,424.3,N,4.0,PA,Lancaster,395774,2615886.38,27.915662651,2.7683147012,8,0,1
10976,395775,SENA KEAN MANOR,152,134.2,N,4.0,PA,Mc Kean,395775,1431347.03,23.36969697,2.6310164119,0,0,0
10977,395777,SUGAR CREEK STATION SKILLED NURSING AND REHABILITA,148,106.9,N,4.0,PA,Venango,395777,828679.44,27.101265823,2.0542638599,7,1,0
10978,395778,"COMMUNITIES AT INDIAN HAVEN,",108,84.0,N,4.0,PA,Indiana,395778,1392222.89,20.072289157,2.0793185348,2,3,1
10979,395779,CENTRE CREST,240,224.4,N,1.0,PA,Centre,395779,1477589.52,27.394557823,2.4342210515,1,1,4
10980,395780,FAIR ACRES GERIATRIC CENTER,874,654.5,N,3.0,PA,Delaware,395780,3205686.23,30.514388489,2.7156468071,8,6,3
10981,395782,FAIRVIEW NURSING AND REHABILITATION CENTER,176,151.9,N,3.0,PA,Philadelphia,395782,1678338.2,26.642384106,2.7479455257,2,9,4
10982,395783,MANORCARE HEALTH SERVICES-PETERS TOWNSHIP,140,118.3,N,5.0,PA,Washington,395783,1526033.2,23.83030303,2.5951695385,7,7,0
10983,395784,"CHURCH OF GOD HOME, INC",109,85.2,N,3.0,PA,Cumberland,395784,1155826.38,32.136842105,2.2100354074,1,0,5
10984,395785,STONEBRIDGE HEALTH & REHABILITATION CENTER,60,47.2,N,1.0,PA,Perry,395785,1317466.73,40.125,2.6875980902,7,0,7
10985,395786,PLEASANT VIEW RETIREMENT COMMUNITY,133,113.4,N,5.0,PA,Lancaster,395786,1047354.19,26.04,1.7528583333,2,2,7
10986,395787,"VALLEY VIEW HAVEN, INC",162,147.3,N,3.0,PA,Mifflin,395787,1183974.17,17.37804878,2.2592801257,7,8,2
10987,395788,SUNNYVIEW NURSING AND REHABILITATION CENTER,220,211.6,N,3.0,PA,Butler,395788,1508889.52,24.042944785,2.4878604266,0,6,1
10988,395790,SENECA PLACE,174,136.3,N,4.0,PA,Allegheny,395790,1242601.87,17.275132275,2.2832425504,6,3,4
10989,395791,HARSTON HALL,120,105.9,N,3.0,PA,Montgomery,395791,1432320.14,28.826446281,6.821124772,2,9,3
10990,395793,"ORCHARD MANOR, INC",121,114.0,N,3.0,PA,Mercer,395793,351887.72,23.930232558,1.7868614234,8,1,3
10991,395794,SAINT JOHN XXIII HOME,90,82.2,N,5.0,PA,Mercer,395794,894402.34,34.743243243,2.0914330601,8,8,6
10992,395795,"LAFAYETTE MANOR, INC",98,83.2,N,3.0,PA,Fayette,395795,800281.9,21.208333333,2.2450059701,6,1,6
10993,395796,MANORCARE HEALTH SERVICES-MONTGOMERYVILLE,155,127.4,N,5.0,PA,Montgomery,395796,1457538.16,21.768707483,2.1328946613,9,2,4
10994,395797,LANDIS HOMES,103,98.8,N,5.0,PA,Lancaster,395797,840764.41,21.255813953,1.9394802222,4,0,7
10995,395798,TRANSITIONS HEALTHCARE GETTYSBURG,135,127.6,N,2.0,PA,Adams,395798,1850747.33,29.591836735,2.0808354247,4,6,0
10996,395800,HIGHLANDS AT WYOMISSING,80,68.3,N,5.0,PA,Berks,395800,1139134.42,25.123966942,2.2855312867,2,9,8
10997,395801,QUADRANGLE,78,59.5,N,5.0,PA,Delaware,395801,4294997.35,17.389534884,2.1909667648,4,3,7
10998,395802,THORNWALD HOME,83,80.9,N,5.0,PA,Cumberland,395802,887488.55,41.186440678,1.7775384615,8,4,0
10999,395804,LUTHERAN COMMUNITY AT TELFORD,75,67.9,N,5.0,PA,Montgomery,395804,788888.27,19.647727273,2.2673125,6,3,5
11000,395805,FAIRMOUNT HOMES,114,99.4,N,5.0,PA,Lancaster,395805,1183835.4,21.575342466,1.8719612069,1,0,0
11001,395806,ST ANNE'S RETIREMENT COMMUNITY,119,101.7,N,5.0,PA,Lancaster,395806,1075511.85,28.911504425,2.0380740741,5,2,7
11002,395812,LAURELWOOD CARE CENTER,120,102.6,N,1.0,PA,Cambria,395812,1177788.8,28.570175439,3.3737491187,4,9,2
11003,395815,ST MARTHA CENTER FOR REHABILITATION & HEALTHCARE,120,105.1,N,2.0,PA,Chester,395815,3424215.72,21.778787879,2.4004754501,9,7,6
11004,395816,"LUTHERAN HOME AT KANE, THE",90,82.9,N,3.0,PA,Mc Kean,395816,916431.85,34.078947368,2.1769032099,7,9,7
11005,395817,MANORCARE HEALTH SERVICES-OXFORD VALLEY,170,136.7,N,5.0,PA,Bucks,395817,3702438.21,19.854545455,2.5965866984,5,9,7
11006,395818,MASONIC VILLAGE AT LAFAYETTE HILL,60,57.8,N,4.0,PA,Montgomery,395818,312214.66,24.818181818,2.2747916667,0,7,6
11007,395819,CARING HEART REHABILITATION AND NURSING CENTER,269,229.3,N,1.0,PA,Philadelphia,395819,5213127.77,26.62394958,3.5176217209,6,5,4
11008,395821,LITTLE FLOWER MANOR,127,108.7,N,5.0,PA,Delaware,395821,2896970.84,27.774319066,2.4031027579,1,9,1
11009,395823,TOWNVIEW HEALTH AND REHABILITATION CENTER,118,94.0,N,4.0,PA,Washington,395823,618146.89,17.597826087,2.3795026652,5,0,0
11010,395824,EMMANUEL CENTER FOR NURSING,90,86.3,N,2.0,PA,Montour,395824,1366688.97,31.037037037,2.6235603376,7,8,8
11011,395825,WATSONTOWN REHABILITATION AND NURSING CENTER,125,99.7,N,1.0,PA,Northumberlnd,395825,1241207.74,22.67721519,2.8251665031,1,1,2
11012,395826,MANORCARE HEALTH SERVICES-NORTH HILLS,200,177.0,N,3.0,PA,Allegheny,395826,1505133.57,25.440789474,2.6190618975,9,8,3
11013,395827,KADIMA REHABILITATION & NURSING AT POTTSTOWN,41,36.7,N,4.0,PA,Montgomery,395827,551976.13,34.829268293,2.5987325405,4,5,3
11014,395828,CAMBRIA CARE CENTER,301,226.3,N,2.0,PA,Cambria,395828,1318165.23,21.644067797,3.7233590246,0,3,3
11015,395830,MEADOW VIEW NURSING CENTER,150,132.5,N,2.0,PA,Somerset,395830,533199.7,18.915662651,2.451217329,1,7,3
11016,395831,SCHUYLKILL CENTER,190,182.8,N,5.0,PA,Schuylkill,395831,4302194.68,37.65993266,2.3534310645,3,1,3
11017,395832,LEBANON VALLEY HOME THE,55,51.5,N,5.0,PA,Lebanon,395832,664160.74,32.660377358,2.4823026515,0,6,1
11018,395833,HCC AT WHITE HORSE VILLAGE,59,53.5,N,5.0,PA,Delaware,395833,1482929.89,23.606299213,1.9640016791,4,5,2
11019,395834,MANORCARE HEALTH SERVICES-KING OF PRUSSIA,170,127.2,N,4.0,PA,Montgomery,395834,1644004.54,20.027624309,2.6214645666,7,7,5
11020,395838,FOXDALE VILLAGE,46,43.5,N,4.0,PA,Centre,395838,418657.42,25.368421053,2.3095681445,1,1,1
11021,395840,"PATRIOT, A CHOICE COMMUNITY THE",100,90.5,N,2.0,PA,Somerset,395840,937062.62,17.772727273,2.6303689325,0,1,2
11022,395842,VINCENTIAN DE MARILLAC,50,43.1,N,5.0,PA,Allegheny,395842,280160.38,19.078947368,1.6520349462,3,5,3
11023,395843,RIVER'S EDGE NURSING AND REHAB,120,112.8,N,5.0,PA,Philadelphia,395843,1451006.31,22.563758389,3.0375689058,4,2,4
11024,395844,ELIZABETHTOWN HEALTHCARE AND REHAB CENTER,45,43.2,N,2.0,PA,Lancaster,395844,389901.34,25.953488372,1.9653666667,8,3,8
11025,395845,CRANBERRY PLACE,150,117.0,N,4.0,PA,Butler,395845,1211490.73,24.281481481,3.0648556529,0,4,1
11026,395846,KADIMA REHABILITATION & NURSING AT CAMPBELLTOWN,53,43.5,N,5.0,PA,Lebanon,395846,693034.21,25.571428571,3.017471747,4,1,6
11027,395847,FOX SUBACUTE AT CLARA BURKE,60,56.3,N,1.0,PA,Montgomery,395847,1182009.87,36.465517241,4.4790420635,8,9,7
11028,395848,BARCLAY FRIENDS,96,56.6,N,5.0,PA,Chester,395848,1772560.75,16.274590164,2.0384190699,2,3,9
11029,395850,MERCY CENTER NURSING UNIT INC,59,54.0,N,5.0,PA,Luzerne,395850,386661.96,27.7,2.1448563725,5,2,8
11030,395851,REHAB & NURSING CTR GREATER PITTSBURGH,120,99.8,N,3.0,PA,Westmoreland,395851,1917468.13,23.222222222,2.222650811,1,4,3
11031,395852,CLIVEDEN NURSING AND REHABILITATION CENTER,180,163.8,N,2.0,PA,Philadelphia,395852,1615131.51,19.557471264,3.63168805,9,4,7
11032,395853,CRAWFORD COUNTY CARE CENTER,157,126.5,N,2.0,PA,Crawford,395853,1111062.84,32.141509434,2.3236641783,3,3,5
11033,395857,EPHRATA MANOR,120,111.1,N,4.0,PA,Lancaster,395857,2223354.19,26.300492611,2.2226094137,2,6,8
11034,395860,LOYALHANNA CARE CENTER,120,96.8,N,1.0,PA,Westmoreland,395860,1396134.4,28.162962963,2.1052864554,7,9,2
11035,395861,HRH TRANSITIONAL CARE UNIT(A D/B/A ENTITY OF HRHS),21,13.8,Y,3.0,PA,Montgomery,395861,1479119.25,9.4548387097,1.5833656948,5,7,2
11036,395864,JUNIPER VILLAGE AT BUCKS COUNTY REHAB AND SKD CARE,17,11.7,N,5.0,PA,Bucks,395864,558156.57,27.186046512,3.0084440381,3,3,6
11037,395865,MAPLEWOOD NURSING AND REHAB  CENTER,180,165.3,N,3.0,PA,Philadelphia,395865,1575252.02,18.509803922,3.3495496424,3,5,6
11038,395867,LAKEVIEW HEALTHCARE AND REHABILITATION CENTER,34,29.5,N,3.0,PA,Mc Kean,395867,1041145.59,34.075949367,2.0253524131,9,6,7
11039,395868,HEARTHSIDE REHAB CENTER,157,132.7,N,1.0,PA,Centre,395868,1836128.65,31.056962025,3.3640067746,5,8,8
11040,395869,BUTLER MEMORIAL HOSP TCF,25,24.3,Y,5.0,PA,Butler,395869,681057.01,9.5714285714,1.9416771139,5,6,9
11041,395870,QUALITY LIFE SERVICES - MARKLEYSBURG,60,56.9,N,3.0,PA,Fayette,395870,125136.2,26.266666667,2.5842380476,8,4,8
11042,395872,"GARDENS AT MILLVILLE, THE",110,103.9,N,1.0,PA,Columbia,395872,560472.84,23.941176471,2.6362410336,4,2,3
11043,395873,LGAR HEALTH AND REHABILITATION,120,103.3,N,2.0,PA,Allegheny,395873,671160.43,31.872727273,1.8249261905,0,6,3
11044,395875,HOMETOWN NURSING AND REHAB CEN,150,137.6,N,2.0,PA,Schuylkill,395875,2145885.41,24.550847458,2.5953054658,6,8,8
11045,395876,CUMBERLAND CROSSINGS RETIREMENT COMMUNITY,58,54.5,N,3.0,PA,Cumberland,395876,1164820.34,26.303571429,2.7171907698,7,6,4
11046,395877,HIGHLAND VIEW HEALTHCARE AND REHABILITATION CENTER,50,41.0,N,1.0,PA,Jefferson,395877,812603.3,28.125,2.4455834463,9,4,5
11047,395878,ORWIGSBURG NURSING AND REHABILITATION  CENTER,130,107.2,N,3.0,PA,Schuylkill,395878,2044000.17,30.764044944,2.1769408427,0,4,8
11048,395879,QUALITY LIFE SERVICES - MERCER,48,44.3,N,4.0,PA,Mercer,395879,542039.81,22.583333333,2.3387749242,8,0,0
11049,395880,PHOEBE BERKS HEALTH CARE CENTE,120,95.5,N,5.0,PA,Berks,395880,1976026.29,14.552795031,2.2329957613,9,9,4
11050,395881,MOUNTAIN VIEW CARE AND REHABILITATION CENTER,180,166.3,N,2.0,PA,Lackawanna,395881,2136578.67,27.272300469,2.3208394379,8,8,8
11051,395882,LONGWOOD AT OAKMONT,60,57.1,N,5.0,PA,Allegheny,395882,454011.12,24.851851852,2.2697739837,7,5,3
11052,395883,VILLAGE AT PENNWOOD,126,79.3,N,3.0,PA,Allegheny,395883,818010.67,31.474358974,5.3899901583,1,6,0
11053,395890,SNU ARMSTRONG CO MEMORIAL HOSP,17,8.4,Y,5.0,PA,Armstrong,395890,309567.72,9.4285714286,2.4869414504,9,8,7
11054,395891,LAUREL VIEW VILLAGE,60,56.2,N,4.0,PA,Somerset,395891,406551.67,22.244444444,2.2184690476,9,3,7
11055,395892,"GROVE AT LATROBE, THE",107,97.9,N,1.0,PA,Westmoreland,395892,473788.05,22.5,2.8287262683,9,0,4
11056,395893,CARE PAVILION NURSING AND REHABILITATION CENTER,396,366.5,N,3.0,PA,Philadelphia,395893,2560901.9,28.624365482,3.776552864,4,9,9
11057,395894,MEADVILLE MEDICAL CTR TCU,32,25.1,Y,5.0,PA,Crawford,395894,1483102.61,15.415841584,1.9338662651,1,9,4
11058,395895,VALLEY VIEW REHAB AND NURSING CENTER,163,142.3,N,3.0,PA,Lycoming,395895,1581579.88,22.222891566,2.2760986751,1,0,8
11059,395896,HOMEWOOD AT MARTINSBURG PA INC,129,121.3,N,5.0,PA,Blair,395896,1588905.6,19.550632911,2.0881064309,4,0,1
11060,395898,HOMEWOOD AT PLUM CREEK,120,108.0,N,5.0,PA,York,395898,1211298.9,19.956834532,1.8616225932,3,7,5
11061,395899,"GARDENS AT ORANGEVILLE, THE",120,110.2,N,2.0,PA,Columbia,395899,701446.63,21.955555556,2.56174105,7,2,2
11062,395901,TITUSVILLE HEALTHCARE AND REHABILITATION CENTER,77,64.9,N,4.0,PA,Crawford,395901,994017.68,33.010989011,2.3613410756,8,4,7
11063,395902,NORMANDIE RIDGE,64,58.3,N,2.0,PA,York,395902,2293892.17,34.0,2.3616032643,7,6,6
11064,395903,NORTH HILLS HEALTH AND REHABILITATION CENTER,55,52.4,N,5.0,PA,Allegheny,395903,560781.26,20.545454545,2.6187466806,5,1,3
11065,395904,SANATOGA CENTER,130,119.2,N,4.0,PA,Montgomery,395904,3060079.24,20.070552147,3.018987276,0,2,0
11066,395905,KINGSTON HEALTH CARE CENTER,65,56.2,N,4.0,PA,Luzerne,395905,1189419.03,22.098484848,2.364862094,0,2,8
11067,395906,QUALITY LIFE SERVICES - HENRY CLAY,74,68.1,N,4.0,PA,Fayette,395906,848421.26,45.942307692,2.4246615354,6,3,3
11068,395907,FORESTVIEW,80,75.1,N,5.0,PA,Erie,395907,597042.32,21.184210526,1.8280950521,2,1,6
11069,395908,"BRADFORD ECUMENICAL HOME, INC",100,95.9,N,5.0,PA,Mc Kean,395908,656030.12,24.757575758,2.2023538012,2,8,9
11070,395909,DARWAY HEALTHCARE AND  REHABILITATION CENTER,67,61.6,N,4.0,PA,Sullivan,395909,487418.29,33.595238095,2.2060312805,2,9,5
11071,395912,SUBURBAN WOODS HEALTH & REHA,120,79.5,N,2.0,PA,Montgomery,395912,1531944.21,28.843478261,2.3617557555,6,9,7
11072,395913,MANORCARE HEALTH SERVICES-HUNTINGDON VALLEY,125,109.8,N,4.0,PA,Montgomery,395913,1395932.08,24.007518797,2.8389566393,0,4,7
11073,395915,KINKORA PYTHIAN HOME,60,51.2,N,2.0,PA,Perry,395915,398401.52,27.729166667,2.3068371865,4,8,0
11074,395916,KIRKLAND VILLAGE,60,51.8,N,5.0,PA,Northampton,395916,1967705.58,16.164285714,2.2084162917,7,5,2
11075,395917,BRINTON MANOR NURSING AND REHABILITATION CENTER,92,86.1,N,1.0,PA,Delaware,395917,1482109.55,20.104294479,2.964434809,9,4,2
11076,395918,SHOOK HOME THE,65,56.9,N,3.0,PA,Franklin,395918,902430.42,27.816901408,1.7063961988,9,4,5
11077,395922,ARTMAN LUTHERAN HOME,61,59.1,N,5.0,PA,Montgomery,395922,2165464.62,19.455696203,1.8027140782,3,8,2
11078,395923,CHAPEL POINTE AT CARLISLE,59,58.3,N,5.0,PA,Cumberland,395923,615611.53,49.675675676,1.9534223502,4,7,1
11079,395925,UPMC MCKEESPORT LONG TERM CARE,24,19.3,Y,5.0,PA,Allegheny,395925,474040.04,10.753968254,2.3390407421,6,4,3
11080,395926,SACRED HEART HOSPITAL TCF,22,10.7,Y,5.0,PA,Lehigh,395926,1088078.87,14.535885167,2.3397826086,7,9,2
11081,395927,STONERIDGE POPLAR RUN,60,53.7,N,5.0,PA,Lebanon,395927,202189.85,52.909090909,1.9920454545,4,0,4
11082,395929,RIDGEVIEW HEALTHCARE & REHAB CENTER,111,83.5,N,1.0,PA,Schuylkill,395929,603565.63,23.054794521,2.366900915,9,7,6
11083,395936,WAYNE WOODLANDS MANOR,121,88.3,N,1.0,PA,Wayne,395936,1670114.81,36.582677165,2.0507556765,2,2,5
11084,395938,BERKSHIRE CENTER,130,124.3,N,5.0,PA,Berks,395938,1650040.18,28.55704698,2.2820777154,0,7,1
11085,395939,LEHIGH CENTER,128,119.7,N,5.0,PA,Lehigh,395939,4424621.37,28.455012853,2.5979829652,3,9,1
11086,395941,TRANSITIONAL SUB-ACUTE UNIT,50,45.8,Y,5.0,PA,Berks,395941,3863641.45,12.726752504,2.1044838292,8,8,3
11087,395944,CHAMBERS POINTE HEALTH CARE CENTER,60,56.4,N,2.0,PA,Franklin,395944,1068267.61,31.047619048,2.0737320783,7,2,8
11088,395948,"LAWSON NURSING HOME, INC.",50,,N,1.0,PA,Allegheny,395948,468672.5,17.061538462,2.2349557198,7,0,5
11089,395950,CENTENNIAL HEALTHCARE AND REHABILITATION CENTER,180,167.8,N,4.0,PA,Philadelphia,395950,2757463.78,32.20441989,3.3500881852,7,7,8
11090,395951,LEHIGH VALLEY HOSPITAL TSU,52,40.5,N,5.0,PA,Lehigh,395951,4335979.1,11.98225602,2.4617156869,0,1,7
11091,395952,NAAMANS CREEK COUNTRY MANOR,90,84.1,N,4.0,PA,Delaware,395952,1776827.65,19.502564103,2.6488054384,5,6,0
11092,395953,SUNSET RIDGE HEALTHCARE AND REHABILITATION CENTER,66,62.4,N,2.0,PA,Columbia,395953,1096892.45,26.552380952,2.2949001429,4,2,2
11093,395956,GLEN AT WILLOW VALLEY,203,186.1,N,5.0,PA,Lancaster,395956,1871304.74,25.824120603,2.0881106719,6,1,8
11094,395959,"CARING PLACE, THE",100,88.5,N,4.0,PA,Venango,395959,1276536.07,31.046296296,2.2483738095,0,7,9
11095,395961,PHILADELPHIA PROTESTANT HOME,126,121.7,N,5.0,PA,Philadelphia,395961,1840558.28,29.5,2.3292183526,4,8,0
11096,395964,SHIPPENSBURG HEALTH CARE CENTER,125,106.8,N,1.0,PA,Cumberland,395964,1796439.67,27.244186047,2.5833054036,8,6,1
11097,395966,UPMC NORTHWEST TRANSITIONAL CARE UNIT,16,12.5,Y,3.0,PA,Venango,395966,822705.19,10.913793103,2.1010272808,2,2,7
11098,395974,MONTICELLO HOUSE,86,85.1,N,4.0,PA,Delaware,395974,2161013.02,26.430939227,2.4125419,2,6,4
11099,395977,CHERRY TREE NURSING CENTER,120,75.1,N,4.0,PA,Fayette,395977,817629.59,28.58974359,2.9329747378,8,5,2
11100,395983,KEARSLEY REHABILITATION AND NURSING CENTER,84,77.4,N,3.0,PA,Philadelphia,395983,3237106.51,23.440298507,3.8918346248,8,1,4
11101,395984,CREEKSIDE HEALTH AND REHABILITATION CENTER,81,66.6,N,1.0,PA,Lackawanna,395984,561935.97,23.392405063,3.2048578364,3,0,6
11102,395985,ALTOONA CENTER FOR NURSING CARE,120,103.7,N,2.0,PA,Blair,395985,853260.62,17.688679245,3.5851380143,9,0,4
11103,395986,KITTANNING CARE CENTER,120,94.7,N,4.0,PA,Armstrong,395986,451617.38,27.583333333,2.8629827542,5,6,3
11104,395989,PROVIDENCE REHAB AND HLTHCARE CTRATMERCYFITZGERALD,129,116.7,N,5.0,PA,Delaware,395989,2723362.13,21.607003891,3.0115575479,9,1,6
11105,395990,"TRANSITIONAL CARE CENTER AT GROVE CITY MED CTR,THE",20,9.8,Y,4.0,PA,Mercer,395990,623843.58,10.895348837,2.0732107979,1,0,9
11106,395996,MANCHESTER COMMONS OF PRESBYTERIAN SENIORCARE,78,72.9,N,5.0,PA,Erie,395996,855720.75,23.457142857,2.171664393,0,9,7
11107,395998,MISERICORDIA NURSING & REHABILITATION CENTER,50,43.4,N,5.0,PA,York,395998,1023711.7,40.303571429,2.2768921569,4,3,4
11108,396001,ABRAMSON SENIOR CARE AT LANKENAU MEDICAL CENTER,22,19.0,Y,5.0,PA,Montgomery,396001,1850710.97,8.997979798,2.1222300542,9,1,5
11109,396002,"TCU AT NAZARETH HOSPITAL, THE",28,14.7,Y,3.0,PA,Philadelphia,396002,1595533.77,10.0,2.3619973957,9,3,8
11110,396003,MANORCARE HEALTH SERVICES-MONROEVILLE,131,118.1,N,5.0,PA,Allegheny,396003,1791673.28,20.495614035,2.8384918968,6,4,3
11111,396009,NORRITON SQUARE NURSING AND REHABILITATION CENTER,99,88.0,N,1.0,PA,Montgomery,396009,2566635.29,20.397849462,2.7919228702,6,2,0
11112,396015,WESTMINSTER WOODS AT HUNTINGDO,64,62.2,N,4.0,PA,Huntingdon,396015,1385721.73,25.34057971,2.2991273366,2,8,2
11113,396017,POWERBACK REHABILITATION 3485 DAVISVILLE ROAD,109,89.8,N,4.0,PA,Montgomery,396017,5544587.72,17.990306947,2.182394344,8,5,2
11114,396021,REDSTONE HIGHLANDS HEALTH CARE,77,70.4,N,3.0,PA,Westmoreland,396021,1454231.26,17.175115207,2.1541274239,1,1,4
11115,396024,WESTON REHABILITATION & NURSING CENTER,44,34.1,N,2.0,PA,Northampton,396024,589213.7,27.279411765,2.3762091083,0,3,8
11116,396026,CONCORDIA AT VILLA ST JOSEPH,120,117.8,N,5.0,PA,Beaver,396026,825249.11,17.052238806,1.9442629362,5,7,8
11117,396035,SCOTTDALE HEALTHCARE AND REHABILITATION CENTER,35,31.9,N,3.0,PA,Westmoreland,396035,909220.68,23.912087912,2.5754232762,6,0,5
11118,396048,HARMAR VILLAGE CARE CENTER,130,118.4,N,4.0,PA,Allegheny,396048,969248.51,25.052083333,2.864896122,5,4,6
11119,396049,JAMESON CARE CENTER,78,68.1,N,1.0,PA,Lawrence,396049,627057.24,24.647058824,2.4934799781,6,1,3
11120,396053,COUNTRY MEADOWS NURSING CENTER OF BETHLEHEM,70,63.5,N,5.0,PA,Northampton,396053,3531284.22,22.920821114,2.3273316716,9,7,7
11121,396056,WILLIAM PENN CARE CENTER,155,122.8,N,1.0,PA,Westmoreland,396056,1589309.8,22.593406593,2.6882104194,9,6,1
11122,396058,AVALON SPRINGS PLACE,100,87.9,N,1.0,PA,Mercer,396058,652384.22,34.339285714,2.3261646825,0,7,3
11123,396059,CONCORDIA AT THE CEDARS,59,52.9,N,3.0,PA,Allegheny,396059,445417.29,14.929577465,2.975366341,2,6,0
11124,396062,"INN AT FREEDOM VILLAGE,THE",60,45.3,N,4.0,PA,Chester,396062,1356498.53,13.695852535,1.9643299099,7,6,0
11125,396063,SETON MANOR NURSING AND REHABILITATION CENTER,120,114.3,N,5.0,PA,Schuylkill,396063,1928384.14,21.548387097,2.573697668,6,9,0
11126,396065,BLOOMSBURG CARE CENTER AND REHABILITATION CENTER,149,120.4,N,3.0,PA,Columbia,396065,793332.05,27.49382716,2.5147769656,6,9,6
11127,396066,MANORCARE HEALTH SERVICES-WHITEHALL BOROUGH,166,148.5,N,5.0,PA,Allegheny,396066,3808691.9,24.306282723,1.9309239291,5,5,4
11128,396067,CONCORDIA AT REBECCA RESIDENCE,60,50.9,N,4.0,PA,Allegheny,396067,1325257.86,15.521052632,2.1417883565,4,9,9
11129,396069,ARBUTUS PARK MANOR,141,125.8,N,2.0,PA,Cambria,396069,616857.95,24.307692308,1.9559591195,9,7,6
11130,396070,ANGELA JANE PAVILION,49,33.9,N,5.0,PA,Philadelphia,396070,2784315.8,15.623684211,2.4047248642,6,6,9
11131,396071,CLEPPER MANOR,54,49.8,N,1.0,PA,Mercer,396071,601776.02,31.596491228,2.3300537617,4,0,0
11132,396072,MILLCREEK MANOR,138,128.9,N,4.0,PA,Erie,396072,1562784.69,29.097826087,2.2326499804,6,6,4
11133,396073,"NORTH STRABANE REHABILITATION AND WELLNESS CTR, LL",62,52.1,N,2.0,PA,Washington,396073,740546.63,27.164556962,3.114689463,5,0,8
11134,396074,ALLIED SERVICES SKILLED NURSING CENTER,371,339.9,N,4.0,PA,Lackawanna,396074,4932739.59,28.5782881,2.7321193887,8,4,6
11135,396075,AVALON PLACE,84,78.4,N,3.0,PA,Lawrence,396075,841642.02,39.719298246,2.1332815657,2,8,3
11136,396076,BALA NURSING AND RETIREMENT CE,180,168.5,N,3.0,PA,Philadelphia,396076,1430338.05,30.066666667,3.2708597294,1,0,1
11137,396077,OLD ORCHARD HEALTH CARE CENTER,180,166.6,N,5.0,PA,Northampton,396077,4145722.0,17.730483271,2.6289836415,5,2,4
11138,396078,ABRAMSON RESIDENCE,324,310.8,N,4.0,PA,Montgomery,396078,5407411.49,21.400679117,2.7727299589,4,2,6
11139,396079,GARDEN SPOT VILLAGE,73,70.4,N,5.0,PA,Lancaster,396079,1026604.12,29.204301075,1.845672549,1,0,6
11140,396080,BELLE REVE HEALTH CARE CENTER,30,26.1,N,4.0,PA,Pike,396080,1744104.1,22.717948718,2.0986204176,8,1,5
11141,396081,SAINT MARY'S AT ASBURY RIDGE,80,70.4,N,4.0,PA,Erie,396081,1250285.82,22.070063694,2.0896985242,1,7,0
11142,396082,BELLINGHAM PARK LANE,64,61.3,N,5.0,PA,Chester,396082,4370641.98,22.041666667,2.5859643916,2,7,5
11143,396083,STERLING HEALTH CARE AND REHAB CENTER,164,150.6,N,4.0,PA,Delaware,396083,2069582.64,34.253846154,3.0784732014,1,2,1
11144,396085,MON VALLEY CARE CENTER,60,54.5,N,2.0,PA,Washington,396085,1099628.53,19.129251701,2.7735860896,7,7,6
11145,396086,GREEN VALLEY SKILLED NURSING AND REHABILITATION CE,48,39.1,N,3.0,PA,Schuylkill,396086,139115.54,23.55,2.1448556548,2,7,2
11146,396088,"MAPLE WINDS HEALTHCARE AND REHABILITATION, LLC",50,45.1,N,1.0,PA,Cambria,396088,847644.67,32.803030303,2.2612683382,4,8,1
11147,396089,CONCORDIA OF THE SOUTH HILLS,46,45.4,N,5.0,PA,Allegheny,396089,1891526.92,17.715481172,2.1671117433,9,4,9
11148,396090,PRESTON RESIDENCE,38,30.3,N,5.0,PA,Chester,396090,2951289.65,20.078688525,2.2568691907,4,6,6
11149,396092,"VILLAGE AT PENN STATE,  THE",36,33.1,N,4.0,PA,Centre,396092,234103.2,27.0,2.4775714286,2,4,3
11150,396093,RICHFIELD HEALTHCARE AND REHABILITATION CENTER,40,38.0,N,4.0,PA,Juniata,396093,603048.26,26.383333333,3.1745363472,3,2,8
11151,396095,SCRANTON HEALTH CARE CENTER,44,40.3,N,2.0,PA,Lackawanna,396095,762530.49,19.946808511,2.2142295946,9,4,7
11152,396096,MORAVIAN VILLAGE OF BETHLEHEM,109,73.1,N,4.0,PA,Northampton,396096,5311454.51,16.386111111,2.4077506342,5,8,0
11153,396098,UPMC MAGEE-WOMENS HOSPITAL TCU,20,17.4,Y,4.0,PA,Allegheny,396098,384914.5,13.311320755,2.4911533685,3,6,5
11154,396099,CONNER-WILLIAMS NURSING HOME,42,,N,1.0,PA,Delaware,396099,209628.47,26.421052632,2.9366328283,5,5,6
11155,396101,REHAB AT SHANNONDELL,160,140.3,N,4.0,PA,Montgomery,396101,7925852.82,21.393710692,1.9979598087,0,1,5
11156,396102,CONEMAUGH MEMORIAL MEDICAL CENTER TCU,30,23.8,Y,5.0,PA,Cambria,396102,850285.58,13.0,2.052901938,3,6,0
11157,396106,"HAVEN CONVALESCENT HOME, INC",91,88.1,N,5.0,PA,Lawrence,396106,434581.91,28.380952381,2.2844666667,9,8,4
11158,396107,ANN'S CHOICE,88,84.8,N,5.0,PA,Bucks,396107,1337611.31,20.798657718,2.3093304964,5,0,4
11159,396109,HEINZ TRANSITIONAL REHABILITATION UNIT,45,27.0,Y,5.0,PA,Luzerne,396109,1917299.25,13.160883281,1.7860000673,9,1,5
11160,396111,SPIRITRUST LUTHERAN THE VILLAGE AT UTZ TERRACE,40,38.7,N,5.0,PA,York,396111,369284.1,25.292682927,2.4359402083,7,3,5
11161,396113,"HEALTH CENTER AT THE HILL AT WHITEMARSH, THE",60,54.4,N,5.0,PA,Montgomery,396113,3559234.47,27.17704918,1.9019095451,4,2,9
11162,396114,TWIN PINES HEALTH CARE CENTER,120,109.8,N,3.0,PA,Chester,396114,1361420.5,25.495575221,3.037290922,3,4,5
11163,396115,WYNDMOOR HILLS HEALTH CARE & REHAB CENTER,77,35.7,N,2.0,PA,Montgomery,396115,3851106.16,28.140983607,2.5087015533,5,1,4
11164,396117,WELLINGTON TERRACE,40,42.6,N,4.0,PA,Chester,396117,3125631.43,19.600591716,2.4164676639,3,3,1
11165,396119,MT HOPE NAZARENE RETIREMENT COMMUNITY,50,47.8,N,5.0,PA,Lancaster,396119,475239.9,43.5,1.9446512346,2,4,0
11166,396120,PHOEBE WYNCOTE,58,43.1,N,4.0,PA,Montgomery,396120,541739.41,20.396825397,3.1542719116,8,7,4
11167,396122,FOX SUBACUTE AT MECHANICSBURG,56,44.6,N,1.0,PA,Cumberland,396122,817538.19,33.173913043,7.6888474166,6,5,5
11168,396123,CONTINUING CARE  AT MARIS GROVE,66,55.0,N,4.0,PA,Delaware,396123,772260.66,20.955555556,2.3807317708,5,4,5
11169,396124,PROVIDENCE POINT HEALTHCARE RESIDENCE,63,56.5,N,5.0,PA,Allegheny,396124,1413743.57,21.116959064,1.7439867816,8,4,6
11170,396125,CHRIST'S HOME RETIREMENT COMMUNITY,48,41.2,N,5.0,PA,Bucks,396125,2170404.09,21.026086957,2.0454666418,5,4,2
11171,396126,POWERBACK REHABILITATION PHOENIXVILLE,22,21.0,N,4.0,PA,Chester,396126,2117285.85,14.770992366,2.18741014,6,7,3
11172,396128,MAPLE FARM,46,40.5,N,5.0,PA,Lancaster,396128,958262.8,21.491666667,2.3177005178,6,9,7
11173,396129,WILLOW TERRACE,174,158.1,N,1.0,PA,Philadelphia,396129,2411411.27,29.562874251,3.8739733563,4,9,1
11174,396130,WHITESTONE CARE CENTER,90,56.0,N,2.0,PA,Monroe,396130,2372307.23,26.67961165,2.9758535911,4,7,5
11175,396131,LIFECARE HOSPITALS OF PITTSBURGH SNF UNIT,40,29.3,N,3.0,PA,Allegheny,396131,1761291.64,25.286516854,3.0079443695,4,6,3
11176,396132,QUALITY LIFE SERVICES - WESTMONT,41,40.6,N,2.0,PA,Cambria,396132,333165.76,27.212121212,1.9927488506,5,0,7
11177,396133,VIBRA REHABILITATION CENTER,48,37.8,N,4.0,PA,Cumberland,396133,3054712.7,23.797945205,2.1402206916,3,2,4
11178,396134,PENN STATE HEALTH TRANSITIONAL CARE,22,15.0,N,5.0,PA,Dauphin,396134,916844.07,12.229591837,1.9498031007,8,5,8
11179,396135,ALLIED SERVICES TRANSITIONAL REHAB UNIT,55,32.4,Y,4.0,PA,Lackawanna,396135,2056257.13,13.071428571,1.8996678781,6,7,3
11180,396136,CH SKILLED NURSING FACILITY OF ALLENTOWN,12,10.1,Y,5.0,PA,Lehigh,396136,875973.78,8.9909090909,1.1133623188,4,7,0
11181,396137,ATHENS HEALTH AND REHABILITATION CENTER,90,53.0,N,2.0,PA,Bradford,396137,707935.76,19.91,2.3181937018,2,9,4
11182,396138,HARMONY PHYSICAL REHABILITATION,25,21.6,N,4.0,PA,Allegheny,396138,1045083.31,16.957142857,2.2434950712,3,1,0
11183,396139,PARAMOUNT NURSING & REHAB AT PETERS TOWNSHIP LLC,14,11.6,N,5.0,PA,Washington,396139,272933.86,20.8125,1.8085555556,5,0,3
11184,396140,REHABILITATION CENTER AT BRETHREN VILLAGE LLC,20,11.0,N,5.0,PA,Lancaster,396140,1089959.62,17.315789474,1.6326455026,9,8,9
